Hour,Microgrid,DER,Type,P_kW,Q_kvar,Rating_kVA
0,MG1,mg1_gen1,Solar,-0.0,-0.0,125.0
0,MG1,mg1_gen2,Solar,-0.0,-0.0,125.0
0,MG1,mg1_gen3,Battery,-0.0,-0.0,100.0
0,MG1,mg1_gen4,Diesel,-0.0,-0.0,350.0
0,MG2,mg2_gen1,Solar,-0.0,-0.0,375.0
0,MG2,mg2_gen5,Solar,-0.0,-0.0,375.0
0,MG2,mg2_gen3,Battery,-0.0,-0.0,50.0
0,MG2,mg2_gen4,Diesel,-0.0,-0.0,750.0
0,MG2,mg2_gen6,Diesel_support,-0.0,-0.0,750.0
0,MG3,stor42,Battery,-0.0,-0.0,1200.0
0,MG3,gen401,Diesel,-0.0,-0.0,1200.0
0,MG4,stor105,Battery,-0.0,-0.0,1200.0
0,MG4,gen1011,Diesel,-0.0,-0.0,1200.0
1,MG1,mg1_gen1,Solar,-0.0,-0.0,125.0
1,MG1,mg1_gen2,Solar,-0.0,-0.0,125.0
1,MG1,mg1_gen3,Battery,-0.0,-0.0,100.0
1,MG1,mg1_gen4,Diesel,-0.0,-0.0,350.0
1,MG2,mg2_gen1,Solar,-0.0,-0.0,375.0
1,MG2,mg2_gen5,Solar,-0.0,-0.0,375.0
1,MG2,mg2_gen3,Battery,-0.0,-0.0,50.0
1,MG2,mg2_gen4,Diesel,-0.0,-0.0,750.0
1,MG2,mg2_gen6,Diesel_support,-0.0,-0.0,750.0
1,MG3,stor42,Battery,-0.0,-0.0,1200.0
1,MG3,gen401,Diesel,-0.0,-0.0,1200.0
1,MG4,stor105,Battery,-0.0,-0.0,1200.0
1,MG4,gen1011,Diesel,-0.0,-0.0,1200.0
2,MG1,mg1_gen1,Solar,-0.0,-0.0,125.0
2,MG1,mg1_gen2,Solar,-0.0,-0.0,125.0
2,MG1,mg1_gen3,Battery,-0.0,-0.0,100.0
2,MG1,mg1_gen4,Diesel,-0.0,-0.0,350.0
2,MG2,mg2_gen1,Solar,-0.0,-0.0,375.0
2,MG2,mg2_gen5,Solar,-0.0,-0.0,375.0
2,MG2,mg2_gen3,Battery,-0.0,-0.0,50.0
2,MG2,mg2_gen4,Diesel,-0.0,-0.0,750.0
2,MG2,mg2_gen6,Diesel_support,-0.0,-0.0,750.0
2,MG3,stor42,Battery,-0.0,-0.0,1200.0
2,MG3,gen401,Diesel,-0.0,-0.0,1200.0
2,MG4,stor105,Battery,-0.0,-0.0,1200.0
2,MG4,gen1011,Diesel,-0.0,-0.0,1200.0
3,MG1,mg1_gen1,Solar,-0.0,-0.0,125.0
3,MG1,mg1_gen2,Solar,-0.0,-0.0,125.0
3,MG1,mg1_gen3,Battery,-96.84184568113258,0.00034310194097088244,100.0
3,MG1,mg1_gen4,Diesel,-0.0,-0.0,350.0
3,MG2,mg2_gen1,Solar,-0.0,-0.0,375.0
3,MG2,mg2_gen5,Solar,-0.0,-0.0,375.0
3,MG2,mg2_gen3,Battery,-48.65668192687022,0.00019860250886745233,50.0
3,MG2,mg2_gen4,Diesel,-0.0,-0.0,750.0
3,MG2,mg2_gen6,Diesel_support,-0.0,-0.0,750.0
3,MG3,stor42,Battery,-0.0,-0.0,1200.0
3,MG3,gen401,Diesel,-0.0,-0.0,1200.0
3,MG4,stor105,Battery,-0.0,-0.0,1200.0
3,MG4,gen1011,Diesel,-0.0,-0.0,1200.0
4,MG1,mg1_gen1,Solar,-0.0,-0.0,125.0
4,MG1,mg1_gen2,Solar,-0.0,-0.0,125.0
4,MG1,mg1_gen3,Battery,-71.57851904194207,0.0005395771017620063,100.0
4,MG1,mg1_gen4,Diesel,-0.0,-0.0,350.0
4,MG2,mg2_gen1,Solar,-0.0,-0.0,375.0
4,MG2,mg2_gen5,Solar,-0.0,-0.0,375.0
4,MG2,mg2_gen3,Battery,-35.88689891402694,0.000316725530245094,50.0
4,MG2,mg2_gen4,Diesel,-0.0,-0.0,750.0
4,MG2,mg2_gen6,Diesel_support,-0.0,-0.0,750.0
4,MG3,stor42,Battery,-0.0,-0.0,1200.0
4,MG3,gen401,Diesel,-0.0,-0.0,1200.0
4,MG4,stor105,Battery,-0.0,-0.0,1200.0
4,MG4,gen1011,Diesel,-0.0,-0.0,1200.0
5,MG1,mg1_gen1,Solar,12.499778701578013,-0.00025347937879848816,125.0
5,MG1,mg1_gen2,Solar,12.49977775349919,-0.00025422657103723624,125.0
5,MG1,mg1_gen3,Battery,-0.0,-0.0,100.0
5,MG1,mg1_gen4,Diesel,-0.0,-0.0,350.0
5,MG2,mg2_gen1,Solar,37.49919189349271,-0.0008782369485325035,375.0
5,MG2,mg2_gen5,Solar,37.505727933398745,-0.0008967476588352384,375.0
5,MG2,mg2_gen3,Battery,-0.0,-0.0,50.0
5,MG2,mg2_gen4,Diesel,-0.0,-0.0,750.0
5,MG2,mg2_gen6,Diesel_support,-0.0,-0.0,750.0
5,MG3,stor42,Battery,-0.0,-0.0,1200.0
5,MG3,gen401,Diesel,-0.0,-0.0,1200.0
5,MG4,stor105,Battery,-0.0,-0.0,1200.0
5,MG4,gen1011,Diesel,-0.0,-0.0,1200.0
6,MG1,mg1_gen1,Solar,31.249874729794545,-0.00012951321268405992,125.0
6,MG1,mg1_gen2,Solar,31.24987447948691,-0.0001296269491276689,125.0
6,MG1,mg1_gen3,Battery,-0.0,-0.0,100.0
6,MG1,mg1_gen4,Diesel,-0.0,-0.0,350.0
6,MG2,mg2_gen1,Solar,93.74950039815673,-0.00048186934972682145,375.0
6,MG2,mg2_gen5,Solar,93.7494836589292,-0.0004939688949752964,375.0
6,MG2,mg2_gen3,Battery,-0.0,-0.0,50.0
6,MG2,mg2_gen4,Diesel,-0.0,-0.0,750.0
6,MG2,mg2_gen6,Diesel_support,-0.0,-0.0,750.0
6,MG3,stor42,Battery,-0.0,-0.0,1200.0
6,MG3,gen401,Diesel,-0.0,-0.0,1200.0
6,MG4,stor105,Battery,-0.0,-0.0,1200.0
6,MG4,gen1011,Diesel,-0.0,-0.0,1200.0
7,MG1,mg1_gen1,Solar,56.249736807694575,-0.00024413166050180735,125.0
7,MG1,mg1_gen2,Solar,56.2497365785017,-0.00024372206502039262,125.0
7,MG1,mg1_gen3,Battery,68.39967935416081,-0.00029585830602331956,100.0
7,MG1,mg1_gen4,Diesel,-0.0,-0.0,350.0
7,MG2,mg2_gen1,Solar,168.7489338036397,-0.0009146081157359731,375.0
7,MG2,mg2_gen5,Solar,168.74889571830334,-0.0009359510692520417,375.0
7,MG2,mg2_gen3,Battery,34.19978109013196,-0.00018718812863858147,50.0
7,MG2,mg2_gen4,Diesel,-0.0,-0.0,750.0
7,MG2,mg2_gen6,Diesel_support,-0.0,-0.0,750.0
7,MG3,stor42,Battery,-0.0,-0.0,1200.0
7,MG3,gen401,Diesel,-0.0,-0.0,1200.0
7,MG4,stor105,Battery,-0.0,-0.0,1200.0
7,MG4,gen1011,Diesel,-0.0,-0.0,1200.0
8,MG1,mg1_gen1,Solar,81.24965848176065,-0.00029345467981875116,125.0
8,MG1,mg1_gen2,Solar,81.2496583643832,-0.00029252331052248337,125.0
8,MG1,mg1_gen3,Battery,98.79958439446511,-0.00035453495043748267,100.0
8,MG1,mg1_gen4,Diesel,-0.0,-0.0,350.0
8,MG2,mg2_gen1,Solar,243.74860026730408,-0.0011041483557683023,375.0
8,MG2,mg2_gen5,Solar,243.74854819561267,-0.0011271652957930201,375.0
8,MG2,mg2_gen3,Battery,49.399712407958646,-0.00022596703244494163,50.0
8,MG2,mg2_gen4,Diesel,-0.0,-0.0,750.0
8,MG2,mg2_gen6,Diesel_support,-0.0,-0.0,750.0
8,MG3,stor42,Battery,-0.0,-0.0,1200.0
8,MG3,gen401,Diesel,-0.0,-0.0,1200.0
8,MG4,stor105,Battery,-0.0,-0.0,1200.0
8,MG4,gen1011,Diesel,-0.0,-0.0,1200.0
9,MG1,mg1_gen1,Solar,99.998135516943,-0.00150275945814019,125.0
9,MG1,mg1_gen2,Solar,99.99813051026466,-0.001500384885749554,125.0
9,MG1,mg1_gen3,Battery,98.79814643364877,-0.0014812502340860192,100.0
9,MG1,mg1_gen4,Diesel,-0.0,-0.0,350.0
9,MG2,mg2_gen1,Solar,299.99301998679755,-0.0049933547747659755,375.0
9,MG2,mg2_gen5,Solar,299.992775134266,-0.005056001236274824,375.0
9,MG2,mg2_gen3,Battery,49.39883572242781,-0.0008285076047600342,50.0
9,MG2,mg2_gen4,Diesel,-0.0,-0.0,750.0
9,MG2,mg2_gen6,Diesel_support,-0.0,-0.0,750.0
9,MG3,stor42,Battery,-0.0,-0.0,1200.0
9,MG3,gen401,Diesel,-0.0,-0.0,1200.0
9,MG4,stor105,Battery,-0.0,-0.0,1200.0
9,MG4,gen1011,Diesel,-0.0,-0.0,1200.0
10,MG1,mg1_gen1,Solar,114.99932410676263,-0.0005668443885529086,125.0
10,MG1,mg1_gen2,Solar,114.9993204284994,-0.000568187205180493,125.0
10,MG1,mg1_gen3,Battery,-0.0,-0.0,100.0
10,MG1,mg1_gen4,Diesel,-0.0,-0.0,350.0
10,MG2,mg2_gen1,Solar,344.99792243521057,-0.0014890584913882776,375.0
10,MG2,mg2_gen5,Solar,344.9978945914413,-0.0014577678514451691,375.0
10,MG2,mg2_gen3,Battery,-0.0,-0.0,50.0
10,MG2,mg2_gen4,Diesel,-0.0,-0.0,750.0
10,MG2,mg2_gen6,Diesel_support,-0.0,-0.0,750.0
10,MG3,stor42,Battery,-0.0,-0.0,1200.0
10,MG3,gen401,Diesel,-0.0,-0.0,1200.0
10,MG4,stor105,Battery,-0.0,-0.0,1200.0
10,MG4,gen1011,Diesel,-0.0,-0.0,1200.0
11,MG1,mg1_gen1,Solar,103.09105628002376,-2.746772409523146e-11,125.0
11,MG1,mg1_gen2,Solar,103.09105628002379,-2.746737592929094e-11,125.0
11,MG1,mg1_gen3,Battery,-4.210526320000958,1.094091484077353e-12,100.0
11,MG1,mg1_gen4,Diesel_grid_forming,0.9297593698659838,106.34228124951258,350.0
11,MG2,mg2_gen1,Solar,375.0000016706514,3.876942187162058e-07,375.0
11,MG2,mg2_gen5,Solar,375.00000177545445,3.735543181164758e-07,375.0
11,MG2,mg2_gen3,Battery,-2.105263169385385,-2.274592490802974e-09,50.0
11,MG2,mg2_gen4,Diesel_grid_forming,23.010577291902212,-154.2527493564059,750.0
11,MG2,mg2_gen6,Diesel_support,22.928334239203767,-154.0115912674327,750.0
11,MG3,stor42,Battery,-0.0,-0.0,1200.0
11,MG3,gen401,Diesel_grid_forming,981.620077786376,315.2027372507843,1200.0
11,MG4,stor105,Battery,-0.0,-0.0,1200.0
11,MG4,gen1011,Diesel_grid_forming,972.1191869228519,312.87361445299956,1200.0
12,MG1,mg1_gen1,Solar,118.74971449622021,-0.0002554223620250014,125.0
12,MG1,mg1_gen2,Solar,118.74971498954159,-0.00025478016016495527,125.0
12,MG1,mg1_gen3,Battery,-96.84187276626992,0.00020819042339508087,100.0
12,MG1,mg1_gen4,Diesel,-0.0,-0.0,350.0
12,MG2,mg2_gen1,Solar,356.24872133500025,-0.0010498215358202287,375.0
12,MG2,mg2_gen5,Solar,356.2486759338909,-0.0010647667680677843,375.0
12,MG2,mg2_gen3,Battery,-48.420876482892304,0.00014410244973282716,50.0
12,MG2,mg2_gen4,Diesel,-0.0,-0.0,750.0
12,MG2,mg2_gen6,Diesel_support,-0.0,-0.0,750.0
12,MG3,stor42,Battery,-0.0,-0.0,1200.0
12,MG3,gen401,Diesel,-0.0,-0.0,1200.0
12,MG4,stor105,Battery,-0.0,-0.0,1200.0
12,MG4,gen1011,Diesel,-0.0,-0.0,1200.0
13,MG1,mg1_gen1,Solar,106.2508543930693,0.0007534414739543536,125.0
13,MG1,mg1_gen2,Solar,106.25085855986129,0.000756774708930152,125.0
13,MG1,mg1_gen3,Battery,-96.84289440676667,-0.0006977481471622015,100.0
13,MG1,mg1_gen4,Diesel,-0.0,-0.0,350.0
13,MG2,mg2_gen1,Solar,318.7530510809624,0.0023712434896460766,375.0
13,MG2,mg2_gen5,Solar,318.7531232811767,0.002366961200003061,375.0
13,MG2,mg2_gen3,Battery,-48.42152092622368,-0.0003622515549361651,50.0
13,MG2,mg2_gen4,Diesel,-0.0,-0.0,750.0
13,MG2,mg2_gen6,Diesel_support,-0.0,-0.0,750.0
13,MG3,stor42,Battery,-0.0,-0.0,1200.0
13,MG3,gen401,Diesel,-0.0,-0.0,1200.0
13,MG4,stor105,Battery,-0.0,-0.0,1200.0
13,MG4,gen1011,Diesel,-0.0,-0.0,1200.0
14,MG1,mg1_gen1,Solar,87.50053800865757,0.0004930446785465393,125.0
14,MG1,mg1_gen2,Solar,87.50054114197624,0.0004957843665274595,125.0
14,MG1,mg1_gen3,Battery,-96.8427097334573,-0.0005554034900424086,100.0
14,MG1,mg1_gen4,Diesel,-0.0,-0.0,350.0
14,MG2,mg2_gen1,Solar,262.50185887621797,0.0015167322766210418,375.0
14,MG2,mg2_gen5,Solar,262.5018911871921,0.0015098279711728536,375.0
14,MG2,mg2_gen3,Battery,-48.42139858036394,-0.0002810979444850545,50.0
14,MG2,mg2_gen4,Diesel,-0.0,-0.0,750.0
14,MG2,mg2_gen6,Diesel_support,-0.0,-0.0,750.0
14,MG3,stor42,Battery,-0.0,-0.0,1200.0
14,MG3,gen401,Diesel,-0.0,-0.0,1200.0
14,MG4,stor105,Battery,-0.0,-0.0,1200.0
14,MG4,gen1011,Diesel,-0.0,-0.0,1200.0
15,MG1,mg1_gen1,Solar,62.4997648219218,-0.0002138034127053743,125.0
15,MG1,mg1_gen2,Solar,62.49976539277306,-0.0002131211805669864,125.0
15,MG1,mg1_gen3,Battery,-0.0,-0.0,100.0
15,MG1,mg1_gen4,Diesel,-0.0,-0.0,350.0
15,MG2,mg2_gen1,Solar,187.49882779352765,-0.0009934653536502083,375.0
15,MG2,mg2_gen5,Solar,187.4987709152541,-0.00103269045727302,375.0
15,MG2,mg2_gen3,Battery,-0.0,-0.0,50.0
15,MG2,mg2_gen4,Diesel,-0.0,-0.0,750.0
15,MG2,mg2_gen6,Diesel_support,-0.0,-0.0,750.0
15,MG3,stor42,Battery,-0.0,-0.0,1200.0
15,MG3,gen401,Diesel,-0.0,-0.0,1200.0
15,MG4,stor105,Battery,-0.0,-0.0,1200.0
15,MG4,gen1011,Diesel,-0.0,-0.0,1200.0
16,MG1,mg1_gen1,Solar,37.49970408499561,-0.00028040298775499657,125.0
16,MG1,mg1_gen2,Solar,37.49970352468897,-0.00028064522013346505,125.0
16,MG1,mg1_gen3,Battery,-0.0,-0.0,100.0
16,MG1,mg1_gen4,Diesel,-0.0,-0.0,350.0
16,MG2,mg2_gen1,Solar,112.498808053195,-0.0010452298462196267,375.0
16,MG2,mg2_gen5,Solar,112.49876500710235,-0.001073195807828597,375.0
16,MG2,mg2_gen3,Battery,-0.0,-0.0,50.0
16,MG2,mg2_gen4,Diesel,-0.0,-0.0,750.0
16,MG2,mg2_gen6,Diesel_support,-0.0,-0.0,750.0
16,MG3,stor42,Battery,-0.0,-0.0,1200.0
16,MG3,gen401,Diesel,-0.0,-0.0,1200.0
16,MG4,stor105,Battery,-0.0,-0.0,1200.0
16,MG4,gen1011,Diesel,-0.0,-0.0,1200.0
17,MG1,mg1_gen1,Solar,12.499955997129325,-4.559241867826813e-05,125.0
17,MG1,mg1_gen2,Solar,12.499956015371657,-4.555630559519841e-05,125.0
17,MG1,mg1_gen3,Battery,68.39975955427484,-0.00024891092824736913,100.0
17,MG1,mg1_gen4,Diesel,-0.0,-0.0,350.0
17,MG2,mg2_gen1,Solar,37.49981303410317,-0.00018252610583090244,375.0
17,MG2,mg2_gen5,Solar,37.49980798959457,-0.0001856604076692747,375.0
17,MG2,mg2_gen3,Battery,34.19982779144757,-0.00016750421114420532,50.0
17,MG2,mg2_gen4,Diesel,-0.0,-0.0,750.0
17,MG2,mg2_gen6,Diesel_support,-0.0,-0.0,750.0
17,MG3,stor42,Battery,-0.0,-0.0,1200.0
17,MG3,gen401,Diesel,-0.0,-0.0,1200.0
17,MG4,stor105,Battery,-0.0,-0.0,1200.0
17,MG4,gen1011,Diesel,-0.0,-0.0,1200.0
18,MG1,mg1_gen1,Solar,-0.0,-0.0,125.0
18,MG1,mg1_gen2,Solar,-0.0,-0.0,125.0
18,MG1,mg1_gen3,Battery,98.80000000001502,-1.0484143331268569e-11,100.0
18,MG1,mg1_gen4,Diesel_grid_forming,132.3950423144741,122.82899312337479,350.0
18,MG2,mg2_gen1,Solar,-0.0,-0.0,375.0
18,MG2,mg2_gen5,Solar,-0.0,-0.0,375.0
18,MG2,mg2_gen3,Battery,49.39999607523811,-2.523154259904459e-06,50.0
18,MG2,mg2_gen4,Diesel_grid_forming,427.679624478277,-114.16768228992774,750.0
18,MG2,mg2_gen6,Diesel_support,427.6283330632824,-114.69926406322513,750.0
18,MG3,stor42,Battery,-0.0,-0.0,1200.0
18,MG3,gen401,Diesel_grid_forming,1001.6878318496167,322.090680436384,1200.0
18,MG4,stor105,Battery,-0.0,-0.0,1200.0
18,MG4,gen1011,Diesel_grid_forming,972.1191869228544,312.8736144529929,1200.0
19,MG1,mg1_gen1,Solar,-0.0,-0.0,125.0
19,MG1,mg1_gen2,Solar,-0.0,-0.0,125.0
19,MG1,mg1_gen3,Battery,98.80004595365624,5.19787076505053e-05,100.0
19,MG1,mg1_gen4,Diesel,-0.0,-0.0,350.0
19,MG2,mg2_gen1,Solar,-0.0,-0.0,375.0
19,MG2,mg2_gen5,Solar,-0.0,-0.0,375.0
19,MG2,mg2_gen3,Battery,49.400034736397735,1.9919162367386866e-05,50.0
19,MG2,mg2_gen4,Diesel,-0.0,-0.0,750.0
19,MG2,mg2_gen6,Diesel_support,-0.0,-0.0,750.0
19,MG3,stor42,Battery,-0.0,-0.0,1200.0
19,MG3,gen401,Diesel,-0.0,-0.0,1200.0
19,MG4,stor105,Battery,-0.0,-0.0,1200.0
19,MG4,gen1011,Diesel,-0.0,-0.0,1200.0
20,MG1,mg1_gen1,Solar,-0.0,-0.0,125.0
20,MG1,mg1_gen2,Solar,-0.0,-0.0,125.0
20,MG1,mg1_gen3,Battery,-0.0,-0.0,100.0
20,MG1,mg1_gen4,Diesel,-0.0,-0.0,350.0
20,MG2,mg2_gen1,Solar,-0.0,-0.0,375.0
20,MG2,mg2_gen5,Solar,-0.0,-0.0,375.0
20,MG2,mg2_gen3,Battery,-0.0,-0.0,50.0
20,MG2,mg2_gen4,Diesel,-0.0,-0.0,750.0
20,MG2,mg2_gen6,Diesel_support,-0.0,-0.0,750.0
20,MG3,stor42,Battery,-0.0,-0.0,1200.0
20,MG3,gen401,Diesel,-0.0,-0.0,1200.0
20,MG4,stor105,Battery,-0.0,-0.0,1200.0
20,MG4,gen1011,Diesel,-0.0,-0.0,1200.0
21,MG1,mg1_gen1,Solar,-0.0,-0.0,125.0
21,MG1,mg1_gen2,Solar,-0.0,-0.0,125.0
21,MG1,mg1_gen3,Battery,-0.0,-0.0,100.0
21,MG1,mg1_gen4,Diesel,-0.0,-0.0,350.0
21,MG2,mg2_gen1,Solar,-0.0,-0.0,375.0
21,MG2,mg2_gen5,Solar,-0.0,-0.0,375.0
21,MG2,mg2_gen3,Battery,-0.0,-0.0,50.0
21,MG2,mg2_gen4,Diesel,-0.0,-0.0,750.0
21,MG2,mg2_gen6,Diesel_support,-0.0,-0.0,750.0
21,MG3,stor42,Battery,-0.0,-0.0,1200.0
21,MG3,gen401,Diesel,-0.0,-0.0,1200.0
21,MG4,stor105,Battery,-0.0,-0.0,1200.0
21,MG4,gen1011,Diesel,-0.0,-0.0,1200.0
22,MG1,mg1_gen1,Solar,-0.0,-0.0,125.0
22,MG1,mg1_gen2,Solar,-0.0,-0.0,125.0
22,MG1,mg1_gen3,Battery,-29.473970846387555,-0.00031065371478598543,100.0
22,MG1,mg1_gen4,Diesel,-0.0,-0.0,350.0
22,MG2,mg2_gen1,Solar,-0.0,-0.0,375.0
22,MG2,mg2_gen5,Solar,-0.0,-0.0,375.0
22,MG2,mg2_gen3,Battery,-14.73703321115562,-0.0001959667100987872,50.0
22,MG2,mg2_gen4,Diesel,-0.0,-0.0,750.0
22,MG2,mg2_gen6,Diesel_support,-0.0,-0.0,750.0
22,MG3,stor42,Battery,-0.0,-0.0,1200.0
22,MG3,gen401,Diesel,-0.0,-0.0,1200.0
22,MG4,stor105,Battery,-0.0,-0.0,1200.0
22,MG4,gen1011,Diesel,-0.0,-0.0,1200.0
23,MG1,mg1_gen1,Solar,-0.0,-0.0,125.0
23,MG1,mg1_gen2,Solar,-0.0,-0.0,125.0
23,MG1,mg1_gen3,Battery,-96.84258054293528,-0.0005518739112262666,100.0
23,MG1,mg1_gen4,Diesel,-0.0,-0.0,350.0
23,MG2,mg2_gen1,Solar,-0.0,-0.0,375.0
23,MG2,mg2_gen5,Solar,-0.0,-0.0,375.0
23,MG2,mg2_gen3,Battery,-48.4213671944848,-0.0003442559254847311,50.0
23,MG2,mg2_gen4,Diesel,-0.0,-0.0,750.0
23,MG2,mg2_gen6,Diesel_support,-0.0,-0.0,750.0
23,MG3,stor42,Battery,-0.0,-0.0,1200.0
23,MG3,gen401,Diesel,-0.0,-0.0,1200.0
23,MG4,stor105,Battery,-0.0,-0.0,1200.0
23,MG4,gen1011,Diesel,-0.0,-0.0,1200.0
