Hour,Microgrid,Operating_Mode,PCC_Switch,PCC_Closed,Converged,Load_Scale,Solar_Scale,Battery_Scale,Load_P_kW,Load_Q_kvar,Solar_P_kW,Battery_P_kW,Diesel_P_kW,Diesel_Q_kvar,Forming_Diesel_Loading_pct,Min_Voltage_pu,Max_Voltage_pu
0,MG1,Grid_connected,Line.sw8,True,True,0.55,0.0,0.0,120.77026872869948,60.386187222576346,0.0,0.0,0.0,0.0,0.0,0.9860485945046754,1.0138462740603822
0,MG2,Grid_connected,Line.sw9,True,True,0.55,0.0,0.0,453.8195969117792,183.08440330722405,0.0,0.0,0.0,0.0,0.0,0.9945578952185247,1.2587256407125846
0,MG3,Grid_connected,Line.sw3,True,True,0.7,0.0,0.0,700.0007592873187,210.00266866593947,0.0,0.0,0.0,0.0,0.0,0.9927703251525494,1.0134804588791546
0,MG4,Grid_connected,Line.sw5,True,True,0.65,0.0,0.0,686.7859422112479,206.03701831261193,0.0,0.0,0.0,0.0,0.0,1.002731522063385,1.0991320376786209
1,MG1,Grid_connected,Line.sw8,True,True,0.5,0.0,0.0,110.08897084993669,55.046360548833796,0.0,0.0,0.0,0.0,0.0,0.9902913308673656,1.0159270819728063
1,MG2,Grid_connected,Line.sw9,True,True,0.5,0.0,0.0,415.57940618802394,167.6407068927785,0.0,0.0,0.0,0.0,0.0,0.9993120036086135,1.264783908912848
1,MG3,Grid_connected,Line.sw3,True,True,0.68,0.0,0.0,680.005794279709,204.01378464017506,0.0,0.0,0.0,0.0,0.0,0.9961329377588142,1.0155937764026548
1,MG4,Grid_connected,Line.sw5,True,True,0.63,0.0,0.0,669.4855262498902,200.85837722554015,0.0,0.0,0.0,0.0,0.0,1.006222616428468,1.1034183011978296
2,MG1,Grid_connected,Line.sw8,True,True,0.48,0.0,0.0,105.82326010526302,52.91248918238871,0.0,0.0,0.0,0.0,0.0,0.9924397762834937,1.0168859883672168
2,MG2,Grid_connected,Line.sw9,True,True,0.48,0.0,0.0,400.3735648528035,161.49005300606902,0.0,0.0,0.0,0.0,0.0,1.001397671299852,1.2677354568976227
2,MG3,Grid_connected,Line.sw3,True,True,0.67,0.0,0.0,670.0025627508802,201.00624722255577,0.0,0.0,0.0,0.0,0.0,0.9979458703296508,1.0165656502420792
2,MG4,Grid_connected,Line.sw5,True,True,0.62,0.0,0.0,660.8079265531219,198.24806222023733,0.0,0.0,0.0,0.0,0.0,1.0078217162870724,1.1055514752391127
3,MG1,Grid_connected,Line.sw8,True,True,0.47,0.0,-0.9684210526315791,103.55868912331593,51.77898177930135,0.0,-96.84184568113258,0.0,0.0,0.0,0.9915659859045758,1.015704116098229
3,MG2,Grid_connected,Line.sw9,True,True,0.47,0.0,-0.9684210526315791,391.7264212198262,158.00902369272654,0.0,-48.65668192687022,0.0,0.0,0.0,1.0006472873912622,1.2669212899924371
3,MG3,Grid_connected,Line.sw3,True,True,0.67,0.0,0.0,669.9987818518516,200.99683375157093,0.0,0.0,0.0,0.0,0.0,0.9970500212975317,1.0155845084866262
3,MG4,Grid_connected,Line.sw5,True,True,0.62,0.0,0.0,660.1777079526105,198.0503484250164,0.0,0.0,0.0,0.0,0.0,1.006850451456955,1.1048675976913642
4,MG1,Grid_connected,Line.sw8,True,True,0.5,0.0,-0.7157894736842105,110.0312919601413,55.01475133727445,0.0,-71.57851904194207,0.0,0.0,0.0,0.9897564709226895,1.0148204291920855
4,MG2,Grid_connected,Line.sw9,True,True,0.5,0.0,-0.7157894736842105,415.24572103446064,167.5053593974349,0.0,-35.88689891402694,0.0,0.0,0.0,0.998124380456996,1.263955082181819
4,MG3,Grid_connected,Line.sw3,True,True,0.68,0.0,0.0,679.997191526684,203.99312210520105,0.0,0.0,0.0,0.0,0.0,0.9957376870011435,1.0146342691507377
4,MG4,Grid_connected,Line.sw5,True,True,0.64,0.0,0.0,679.6459755001534,203.88717304873438,0.0,0.0,0.0,0.0,0.0,1.0050132943760137,1.102774764627462
5,MG1,Grid_connected,Line.sw8,True,True,0.6,0.1,0.0,131.55804548761137,65.77583127265405,24.999556455077204,0.0,0.0,0.0,0.0,0.9843161980247794,1.0127288925978963
5,MG2,Grid_connected,Line.sw9,True,True,0.6,0.1,0.0,493.394326550648,199.04600995459538,75.00491982689145,0.0,0.0,0.0,0.0,0.9915700587805394,1.2558799873501585
5,MG3,Grid_connected,Line.sw3,True,True,0.72,0.0,0.0,719.9906288958931,215.97958788688908,0.0,0.0,0.0,0.0,0.0,0.9919251092307942,1.012321459284299
5,MG4,Grid_connected,Line.sw5,True,True,0.68,0.0,0.0,717.089206767478,215.10785914912157,0.0,0.0,0.0,0.0,0.0,1.0007945926090516,1.0972868436542336
6,MG1,Grid_connected,Line.sw8,True,True,0.72,0.25,0.0,156.92710226140957,78.46296845509426,62.499749209281454,0.0,0.0,0.0,0.0,0.9750730606256319,1.0083268389027462
6,MG2,Grid_connected,Line.sw9,True,True,0.72,0.25,0.0,582.9845866957495,235.28162534021067,187.49898405708592,0.0,0.0,0.0,0.0,0.981455615402596,1.2430830070460412
6,MG3,Grid_connected,Line.sw3,True,True,0.78,0.0,0.0,779.9976399160555,233.9954495234694,0.0,0.0,0.0,0.0,0.0,0.9846965914329364,1.0078280462836726
6,MG4,Grid_connected,Line.sw5,True,True,0.75,0.0,0.0,781.4488305673071,234.43004368879176,0.0,0.0,0.0,0.0,0.0,0.9933912725582402,1.0883150400281576
7,MG1,Grid_connected,Line.sw8,True,True,0.85,0.45,0.6839999999999999,184.28223478753148,92.14037081449354,112.49947338619627,68.39967935416081,0.0,0.0,0.0,0.9671043992598682,1.0049213036620845
7,MG2,Grid_connected,Line.sw9,True,True,0.85,0.45,0.6839999999999999,679.3438633252554,274.10364917656364,337.497829521943,34.19978109013196,0.0,0.0,0.0,0.9722021912556198,1.2319278998895333
7,MG3,Grid_connected,Line.sw3,True,True,0.85,0.0,0.0,849.996873696954,254.99464684587554,0.0,0.0,0.0,0.0,0.0,0.9787414203850634,1.0041797055566801
7,MG4,Grid_connected,Line.sw5,True,True,0.82,0.0,0.0,845.8820732898721,253.75923231575007,0.0,0.0,0.0,0.0,0.0,0.9870765895211537,1.0807979143555448
8,MG1,Grid_connected,Line.sw8,True,True,0.95,0.65,0.988,205.1485695026909,102.57357394889522,162.49931684614384,98.79958439446511,0.0,0.0,0.0,0.9612449997345287,1.0023010028228907
8,MG2,Grid_connected,Line.sw9,True,True,0.95,0.65,0.988,752.3411127572205,303.4496570326507,487.49714846291675,49.399712407958646,0.0,0.0,0.0,0.9652348350752805,1.2238564505135516
8,MG3,Grid_connected,Line.sw3,True,True,0.9,0.0,0.0,899.9969510951612,269.9951776663736,0.0,0.0,0.0,0.0,0.0,0.9744956804987865,1.0014140675644654
8,MG4,Grid_connected,Line.sw5,True,True,0.88,0.0,0.0,901.3530659740968,270.40101836342876,0.0,0.0,0.0,0.0,0.0,0.9823091867787657,1.0754801316348634
9,MG1,Grid_connected,Line.sw8,True,True,1.0,0.8,0.988,215.49134684153375,107.74137179666295,199.99626602720764,98.79814643364877,0.0,0.0,0.0,0.9581745533954141,1.0007430130705588
9,MG2,Grid_connected,Line.sw9,True,True,1.0,0.8,0.988,788.6583884983214,318.05573875077636,599.9857951210636,49.39883572242781,0.0,0.0,0.0,0.9617903056344478,1.219879531627579
9,MG3,Grid_connected,Line.sw3,True,True,0.94,0.0,0.0,939.9853758677048,281.9780255190388,0.0,0.0,0.0,0.0,0.0,0.9721492150201104,0.9998100606162115
9,MG4,Grid_connected,Line.sw5,True,True,0.92,0.0,0.0,939.0013768897666,281.6817809869211,0.0,0.0,0.0,0.0,0.0,0.9798263293271327,1.0728640360502637
10,MG1,Grid_connected,Line.sw8,True,True,0.98,0.92,0.0,211.05664351151387,105.52665173964738,229.99864453526203,0.0,0.0,0.0,0.0,0.9569394246733188,0.9997250144623943
10,MG2,Grid_connected,Line.sw9,True,True,0.98,0.92,0.0,772.5563611691701,311.5891112640368,689.9958170266518,0.0,0.0,0.0,0.0,0.9621357139074148,1.2191947109800874
10,MG3,Grid_connected,Line.sw3,True,True,0.96,0.0,0.0,959.9951913351797,287.9923501213606,0.0,0.0,0.0,0.0,0.0,0.9705301111154571,0.9989976565149605
10,MG4,Grid_connected,Line.sw5,True,True,0.95,0.0,0.0,968.2012597168748,290.45550342050694,0.0,0.0,0.0,0.0,0.0,0.9792250292727833,1.0721097666706911
11,MG1,Islanded,Line.sw8,False,True,0.92,1.0,-0.042105263157894736,199.10844282265145,99.55422141123623,206.18211256004756,-4.210526320000958,0.9297593698659838,106.34228124951258,30.384670186690897,0.9673817852427832,1.0028787598611675
11,MG2,Islanded,Line.sw9,False,True,0.92,1.0,-0.042105263157894736,708.4846602149787,286.4615398322912,750.0000034461059,-2.105263169385385,45.93891153110598,-308.2643406238386,20.794613555252678,0.9794908823552969,1.1468258844688182
11,MG3,Islanded,Line.sw3,False,True,0.98,0.0,0.0,980.0000000000008,293.9999999999991,0.0,0.0,981.620077786376,315.2027372507843,85.91544384369524,0.986435070460886,0.9944958040150075
11,MG4,Islanded,Line.sw5,False,True,0.97,0.0,0.0,970.0000000000007,290.99999999999807,0.0,0.0,972.1191869228519,312.87361445299956,85.10229188895556,0.985582902819004,0.9945437764454887
12,MG1,Grid_connected,Line.sw8,True,True,0.88,0.95,-0.9684210526315791,189.68382270472586,94.8417328086492,237.4994294857618,-96.84187276626992,0.0,0.0,0.0,0.957173693579399,0.9994016397643344
12,MG2,Grid_connected,Line.sw9,True,True,0.88,0.95,-0.9684210526315791,695.4022449083254,280.4874957979933,712.4973972688912,-48.420876482892304,0.0,0.0,0.0,0.9663989339459679,1.2212201443753516
12,MG3,Grid_connected,Line.sw3,True,True,1.0,0.0,0.0,999.9981169157909,299.9969344461466,0.0,0.0,0.0,0.0,0.0,0.9685769939634401,0.9989367796749675
12,MG4,Grid_connected,Line.sw5,True,True,0.98,0.0,0.0,998.1469291229469,299.4404227626203,0.0,0.0,0.0,0.0,0.0,0.9803120805291807,1.0726070810350752
13,MG1,Grid_connected,Line.sw8,True,True,0.85,0.85,-0.9684210526315791,183.39610816336042,91.69974076624706,212.50171295293057,-96.84289440676667,0.0,0.0,0.0,0.958523146169725,1.000050010384368
13,MG2,Grid_connected,Line.sw9,True,True,0.85,0.85,-0.9684210526315791,672.8935227251254,271.4291112190059,637.5061743621391,-48.42152092622368,0.0,0.0,0.0,0.9680029649940133,1.2229563237478271
13,MG3,Grid_connected,Line.sw3,True,True,0.98,0.0,0.0,980.0064513567933,294.01056068167196,0.0,0.0,0.0,0.0,0.0,0.9694614161096088,0.9996135495194137
13,MG4,Grid_connected,Line.sw5,True,True,0.96,0.0,0.0,979.0964133936657,293.7376074587304,0.0,0.0,0.0,0.0,0.0,0.9813416887360447,1.073679734866846
14,MG1,Grid_connected,Line.sw8,True,True,0.82,0.7,-0.9684210526315791,177.07362852798215,88.53818802447077,175.0010791506338,-96.8427097334573,0.0,0.0,0.0,0.9597375098760993,1.0004606548282133
14,MG2,Grid_connected,Line.sw9,True,True,0.82,0.7,-0.9684210526315791,650.1903542872304,262.28874454322124,525.00375006341,-48.42139858036394,0.0,0.0,0.0,0.9691563821005608,1.224407223475646
14,MG3,Grid_connected,Line.sw3,True,True,0.96,0.0,0.0,960.0047902927872,288.008156190959,0.0,0.0,0.0,0.0,0.0,0.9702143351017565,1.0000570450805002
14,MG4,Grid_connected,Line.sw5,True,True,0.93,0.0,0.0,949.5793718315609,284.88029003327506,0.0,0.0,0.0,0.0,0.0,0.9820766542834294,1.0745675622171393
15,MG1,Grid_connected,Line.sw8,True,True,0.84,0.5,0.0,181.3602239445931,90.67991396648918,124.99953021469486,0.0,0.0,0.0,0.0,0.9598087051956414,1.000529793695277
15,MG2,Grid_connected,Line.sw9,True,True,0.84,0.5,0.0,665.0657240560386,268.2756774691212,374.99759870878177,0.0,0.0,0.0,0.0,0.967050626601253,1.2231334571119588
15,MG3,Grid_connected,Line.sw3,True,True,0.94,0.0,0.0,939.9973434241607,281.9956480809986,0.0,0.0,0.0,0.0,0.0,0.9706699249853195,0.9999317184092257
15,MG4,Grid_connected,Line.sw5,True,True,0.91,0.0,0.0,928.5022451761962,278.5446692780188,0.0,0.0,0.0,0.0,0.0,0.9809805919998452,1.073836368108027
16,MG1,Grid_connected,Line.sw8,True,True,0.9,0.3,0.0,193.540711656199,96.76890710764437,74.99940760968457,0.0,0.0,0.0,0.0,0.9534599083017522,0.997349030012009
16,MG2,Grid_connected,Line.sw9,True,True,0.9,0.3,0.0,706.8492622750719,285.1836767723974,224.99757306029736,0.0,0.0,0.0,0.0,0.9591206909059252,1.2138995459609794
16,MG3,Grid_connected,Line.sw3,True,True,0.92,0.0,0.0,919.9943947527104,275.99012574729085,0.0,0.0,0.0,0.0,0.0,0.9656832977466733,0.9967299720371728
16,MG4,Grid_connected,Line.sw5,True,True,0.9,0.0,0.0,910.1009834818128,273.02048381427346,0.0,0.0,0.0,0.0,0.0,0.9752317508534215,1.0675802639116858
17,MG1,Grid_connected,Line.sw8,True,True,0.98,0.1,0.6839999999999999,209.15590207450776,104.57705309314751,24.99991201250098,68.39975955427484,0.0,0.0,0.0,0.9442187209192777,0.9929087912846769
17,MG2,Grid_connected,Line.sw9,True,True,0.98,0.1,0.6839999999999999,764.4811882925484,308.72846813661766,74.99962102369774,34.19982779144757,0.0,0.0,0.0,0.9486345503031082,1.2005069856002495
17,MG3,Grid_connected,Line.sw3,True,True,0.95,0.0,0.0,949.9975434853227,284.99517254512585,0.0,0.0,0.0,0.0,0.0,0.9575795619436642,0.992118296364131
17,MG4,Grid_connected,Line.sw5,True,True,0.93,0.0,0.0,933.0549880226497,279.9111927209385,0.0,0.0,0.0,0.0,0.0,0.967277119874907,1.058238912497338
18,MG1,Islanded,Line.sw8,False,True,1.05,0.0,0.988,226.50178668309565,113.25089334150681,0.0,98.80000000001502,132.3950423144741,122.82899312337479,51.599247567013165,0.9611980771954667,1.0007752873434177
18,MG2,Islanded,Line.sw9,False,True,1.05,0.0,0.988,806.509653964053,326.28662552733374,0.0,49.39999607523811,855.3079575415594,-228.86694635315285,59.02076785122469,0.9746812348736612,1.1410512892687084
18,MG3,Islanded,Line.sw3,False,True,1.0,0.0,0.0,999.9999999999976,299.99999999999477,0.0,0.0,1001.6878318496167,322.090680436384,87.68317805930776,0.9861458660643088,0.9943775498293813
18,MG4,Islanded,Line.sw5,False,True,0.97,0.0,0.0,970.000000000001,290.99999999999915,0.0,0.0,972.1191869228544,312.8736144529929,85.1022918889556,0.985582902819007,0.9945437764454877
19,MG1,Grid_connected,Line.sw8,True,True,1.08,0.0,0.988,226.9466354128153,113.47565712947163,0.0,98.80004595365624,0.0,0.0,0.0,0.9361382753183402,0.988311445277814
19,MG2,Grid_connected,Line.sw9,True,True,1.08,0.0,0.988,834.4861536532882,337.0656654692411,0.0,49.400034736397735,0.0,0.0,0.0,0.9384271682029458,1.1875790846271013
19,MG3,Grid_connected,Line.sw3,True,True,0.98,0.0,0.0,980.0002931679621,294.00056161389205,0.0,0.0,0.0,0.0,0.0,0.951046262006932,0.9874061618367361
19,MG4,Grid_connected,Line.sw5,True,True,0.99,0.0,0.0,990.0005960742119,297.00008470126613,0.0,0.0,0.0,0.0,0.0,0.9592261100557378,1.0489271007380203
20,MG1,Grid_connected,Line.sw8,True,True,1.02,0.0,0.0,216.32107599931047,108.16369425658657,0.0,0.0,0.0,0.0,0.0,0.941056499107223,0.989941261593142
20,MG2,Grid_connected,Line.sw9,True,True,1.02,0.0,0.0,792.5186130837665,320.115415712624,0.0,0.0,0.0,0.0,0.0,0.9430909451065115,1.1950351332226192
20,MG3,Grid_connected,Line.sw3,True,True,0.94,0.0,0.0,940.0068133131947,282.0136364309715,0.0,0.0,0.0,0.0,0.0,0.9553786469581376,0.9892744670065474
20,MG4,Grid_connected,Line.sw5,True,True,0.95,0.0,0.0,950.7582837277366,285.24254174781834,0.0,0.0,0.0,0.0,0.0,0.9627318465433391,1.0543563549804007
21,MG1,Grid_connected,Line.sw8,True,True,0.9,0.0,0.0,193.4990395830149,96.75393271415295,0.0,0.0,0.0,0.0,0.0,0.9539687075873184,0.9962136399742018
21,MG2,Grid_connected,Line.sw9,True,True,0.9,0.0,0.0,706.3426914541791,285.04591451354656,0.0,0.0,0.0,0.0,0.0,0.9561411230644743,1.212827331884474
21,MG3,Grid_connected,Line.sw3,True,True,0.88,0.0,0.0,880.0111965918493,264.02180545027295,0.0,0.0,0.0,0.0,0.0,0.9665139577356857,0.995620805661674
21,MG4,Grid_connected,Line.sw5,True,True,0.87,0.0,0.0,879.4352065736521,263.85139462277806,0.0,0.0,0.0,0.0,0.0,0.9730123091318275,1.0668437080899682
22,MG1,Grid_connected,Line.sw8,True,True,0.75,0.0,-0.2947368421052632,162.69019962540503,81.34659653111265,0.0,-29.473970846387555,0.0,0.0,0.0,0.9674982559406798,1.0035237106142094
22,MG2,Grid_connected,Line.sw9,True,True,0.75,0.0,-0.2947368421052632,599.7889999321125,242.07732372422367,0.0,-14.73703321115562,0.0,0.0,0.0,0.9724908150968117,1.2320554871531633
22,MG3,Grid_connected,Line.sw3,True,True,0.8,0.0,0.0,800.0056834250909,240.01159744435944,0.0,0.0,0.0,0.0,0.0,0.9776363749664894,1.0030886964052719
22,MG4,Grid_connected,Line.sw5,True,True,0.78,0.0,0.0,803.2476261760713,240.9864183898772,0.0,0.0,0.0,0.0,0.0,0.9855522196383445,1.0801469071959031
23,MG1,Grid_connected,Line.sw8,True,True,0.62,0.0,-0.9684210526315791,135.38460234648426,67.69292152601787,0.0,-96.84258054293528,0.0,0.0,0.0,0.9773477609444654,1.0086825550483474
23,MG2,Grid_connected,Line.sw9,True,True,0.62,0.0,-0.9684210526315791,504.42838554258054,203.5909357034543,0.0,-48.4213671944848,0.0,0.0,0.0,0.9851797619213336,1.2468338548003668
23,MG3,Grid_connected,Line.sw3,True,True,0.74,0.0,0.0,740.0025698834103,222.00567343124993,0.0,0.0,0.0,0.0,0.0,0.985391543978654,1.0084705342738436
23,MG4,Grid_connected,Line.sw5,True,True,0.7,0.0,0.0,730.9207569246429,219.28201341423545,0.0,0.0,0.0,0.0,0.0,0.9950594672008071,1.0904910414376914
