Hour,Microgrid,Load,Bus,P_kW,Q_kvar
0,FEEDER,s1a,x1,15.68001011133274,7.840130437218318
0,FEEDER,s2b,x2,7.839981005704297,3.9199182226139775
0,FEEDER,s4c,x4,15.680057388433639,7.840160488082744
0,FEEDER,s5c,x5,7.893011165817969,3.9465679588812645
0,FEEDER,s6c,x6,15.882784623965247,7.941511773413422
0,FEEDER,s7a,x7,7.84000051206036,3.9200781191456064
0,FEEDER,s9a,x9,15.679995568168529,7.8401741270407905
0,FEEDER,s10a,x10,7.812888938499431,3.906528275295994
0,FEEDER,s11a,x11,15.568569792274284,7.784445595883256
0,FEEDER,s12b,x12,7.839969627594661,3.9198888913974788
0,FEEDER,s16c,x16,15.680127559487353,7.840229413872191
0,FEEDER,s17c,x17,7.840063312366516,3.9201142220619882
0,FEEDER,s19a,x19,15.67997122243567,7.840230023396988
0,FEEDER,s20a,x20,15.51498821001289,7.7577266088016295
0,MG1,s22b,x22,22.100834496053402,11.050074768197248
0,MG1,s24c,x24,22.00025639137015,11.000422313490475
0,MG1,s28a,x28,21.708999300100697,10.854831576005028
0,MG1,s29b,x29,0.0,0.0
0,MG1,s30c,x30,22.00025610254349,11.000426055440393
0,MG1,s31c,x31,5.500054708011469,2.750093790578744
0,MG1,s32c,x32,5.500054887113329,2.75009397184943
0,MG1,s33a,x33,21.95981284350693,10.98024474701503
0,FEEDER,s34c,x34,15.657637316737958,7.828961076224503
0,FEEDER,s52a,x52,15.679976490923565,7.840212955275506
0,FEEDER,s53a,x53,15.679972164282313,7.840219985697752
0,FEEDER,s55a,x55,7.690255441100721,3.8452370090034376
0,FEEDER,s56b,x56,7.839954924480403,3.9198505780305832
0,FEEDER,s58b,x58,7.907499032551904,3.9536136094305885
0,FEEDER,s59b,x59,7.839945788449985,3.919832778720126
0,FEEDER,s60a,x60,7.839974430730264,3.920127008864009
0,FEEDER,s62c,x62,15.4556113983196,7.727941738337694
0,FEEDER,s63a,x63,15.67994934245657,7.840256704381192
0,FEEDER,s64b,x64,29.40601466407865,13.722228392975904
0,FEEDER,s65a,x65,9.450491466130854,0.8534686648630436
0,FEEDER,s65b,x65,9.547560721456279,0.9226986695868816
0,FEEDER,s65c,x65,19.322289209840218,2.0079716271971995
0,FEEDER,s66c,x66,29.400418469962542,13.720508988377862
0,FEEDER,s68a,x68,8.398759731552396,4.1995271886326755
0,FEEDER,s69a,x69,16.775666666443737,8.388127919772746
0,FEEDER,s70a,x70,8.38009204204916,4.190193293360984
0,FEEDER,s71a,x71,16.75145417434013,8.376021608212657
0,MG2,s73c,x73,23.642488184780124,11.821455837202706
0,MG2,s74c,x74,25.96263369649267,12.981543847716518
0,MG2,s75c,x75,23.571809031545158,11.786116092417393
0,MG2,s76a,x76,45.812227929754954,2.9414973959349737
0,MG2,s76b,x76,28.230883726048795,1.857918660154015
0,MG2,s76c,x76,29.522147335094495,3.157674335151842
0,MG2,s77b,x77,21.999786049302372,10.99939416916662
0,MG2,s79a,x79,25.917190468334105,12.959052197829516
0,MG2,s80b,x80,21.999783319634073,10.999388990994952
0,MG2,s82a,x82,23.737516611234796,11.869189341288799
0,MG2,s83a,x83,0.0,0.0
0,MG2,s84c,x84,11.920860808826447,5.960535277218499
0,MG2,s85c,x85,23.811862709785007,11.906141137526733
0,MG2,s86b,x86,10.999890896322503,5.499692828127855
0,MG2,s87b,x87,21.99977778545229,10.99937793740166
0,MG2,s88a,x88,23.485338535983168,11.743096054429312
0,MG2,s90b,x90,21.91781444643619,10.958417159468393
0,MG2,s92c,x92,23.854278425656336,11.927347341333618
0,MG2,s94a,x94,23.43353348968658,11.71719528757751
0,MG2,s95b,x95,10.999886950451808,5.499684933603365
0,MG2,s96b,x96,10.999886510957307,5.499684482679784
0,FEEDER,s98a,x98,16.78584195611692,8.393219486087778
0,FEEDER,s99b,x99,15.679858075860624,7.839578741128848
0,FEEDER,s100c,x100,18.657302607883793,9.328813307656851
0,MG3,add44,44,700.0007592873187,210.00266866593947
0,MG4,add108,108,686.7859422112479,206.03701831261193
1,FEEDER,s1a,x1,14.784052513366955,7.392150995839254
1,FEEDER,s2b,x2,7.39204963036782,3.6962176845950263
1,FEEDER,s4c,x4,14.78401285193613,7.3921579776642306
1,FEEDER,s5c,x5,7.461029819352446,3.730586620472303
1,FEEDER,s6c,x6,15.05196642330435,7.526120773872098
1,FEEDER,s7a,x7,7.392038715443776,3.6960776907144846
1,FEEDER,s9a,x9,14.784095462187427,7.392159664708355
1,FEEDER,s10a,x10,7.390579032716025,3.6953392886091696
1,FEEDER,s11a,x11,14.77466535838867,7.387422304943807
1,FEEDER,s12b,x12,7.392071436591268,3.6962675824919184
1,FEEDER,s16c,x16,14.7839820433534,7.3921969936701135
1,FEEDER,s17c,x17,7.391990536672095,3.6960979795412037
1,FEEDER,s19a,x19,14.78412880357101,7.392198262823503
1,FEEDER,s20a,x20,14.683280002565217,7.341757711189378
1,MG1,s22b,x22,20.217280129718702,10.10932747963755
1,MG1,s24c,x24,20.00004153885488,10.00036401442474
1,MG1,s28a,x28,19.820424738628965,9.910380947471982
1,MG1,s29b,x29,0.0,0.0
1,MG1,s30c,x30,20.000041718867372,10.00036824412562
1,MG1,s31c,x31,4.999999385676907,2.500076953972778
1,MG1,s32c,x32,4.999999571589431,2.5000771461978846
1,MG1,s33a,x33,20.051183766600424,10.025765763003243
1,FEEDER,s34c,x34,14.859200083484193,7.429785376053561
1,FEEDER,s52a,x52,14.784143131656322,7.392146423890295
1,FEEDER,s53a,x53,14.784155313802504,7.392138224020855
1,FEEDER,s55a,x55,7.309105492111254,3.654564244406139
1,FEEDER,s56b,x56,7.392101753854907,3.6963466739979056
1,FEEDER,s58b,x58,7.476754456265495,3.738696032073595
1,FEEDER,s59b,x59,7.392128618388218,3.6963954198214353
1,FEEDER,s60a,x60,7.392103439935874,3.6960462923390645
1,FEEDER,s62c,x62,14.696464573780679,7.348462364281285
1,FEEDER,s63a,x63,14.78420900429928,7.39209375364886
1,FEEDER,s64b,x64,27.82534590216369,12.986520240602077
1,FEEDER,s65a,x65,8.991298634016047,0.8162993908146373
1,FEEDER,s65b,x65,9.073685756408828,0.8752827676153749
1,FEEDER,s65c,x65,18.362006193390755,1.9035056358924094
1,FEEDER,s66c,x66,27.719734264370974,12.936332935701898
1,FEEDER,s68a,x68,7.994025297731018,3.996981254012555
1,FEEDER,s69a,x69,15.96841076859049,7.984142884120049
1,FEEDER,s70a,x70,7.977247703350168,3.988592704184778
1,FEEDER,s71a,x71,15.946648953810419,7.973262297628352
1,MG2,s73c,x73,21.704141037507206,10.852427087039773
1,MG2,s74c,x74,23.842545302791546,11.921658403915115
1,MG2,s75c,x75,21.645028169696563,10.822870234127276
1,MG2,s76a,x76,42.05949912813201,2.718167865548181
1,MG2,s76b,x76,25.789099175618656,1.6984332361491847
1,MG2,s76c,x76,27.06568390745459,2.8834922507278407
1,MG2,s77b,x77,20.000515047783384,10.001420458037312
1,MG2,s79a,x79,23.817050381677117,11.90841096989413
1,MG2,s80b,x80,20.000521508927076,10.001432263268939
1,MG2,s82a,x82,21.810457885562617,10.905121291476332
1,MG2,s83a,x83,0.0,0.0
1,MG2,s84c,x84,10.945742623519136,5.473056682954487
1,MG2,s85c,x85,21.86650972671127,10.933625537989258
1,MG2,s86b,x86,10.000263102209132,5.000721535516177
1,MG2,s87b,x87,20.000536409188367,10.00146289758157
1,MG2,s88a,x88,21.582063688254507,10.790920735797426
1,MG2,s90b,x90,20.018371626739068,10.01032885667686
1,MG2,s92c,x92,21.894476529716002,10.947611457120253
1,MG2,s94a,x94,21.53635292625288,10.768060028418951
1,MG2,s95b,x95,10.00027340355527,5.000741926075503
1,MG2,s96b,x96,10.000274606727482,5.000743174463936
1,FEEDER,s98a,x98,15.977009930317003,7.988432153040507
1,FEEDER,s99b,x99,14.784351514259036,7.39302207030853
1,FEEDER,s100c,x100,17.74545024187655,8.873015170712286
1,MG3,add44,44,680.005794279709,204.01378464017506
1,MG4,add108,108,669.4855262498902,200.85837722554015
2,FEEDER,s1a,x1,14.112024104053374,7.05607839071017
2,FEEDER,s2b,x2,7.056019023376904,3.5280868802679057
2,FEEDER,s4c,x4,14.112007820907394,7.056072408632603
2,FEEDER,s5c,x5,7.131955381966355,3.566010117214938
2,FEEDER,s6c,x6,14.408530941581345,7.204327748149452
2,FEEDER,s7a,x7,7.056017338031605,3.5280414999788356
2,FEEDER,s9a,x9,14.112042403676279,7.056086750722758
2,FEEDER,s10a,x10,7.067881978496527,3.5339707883233014
2,FEEDER,s11a,x11,14.155875935042623,7.077992791385776
2,FEEDER,s12b,x12,7.056026921560861,3.5281061209292766
2,FEEDER,s16c,x16,14.111998764462175,7.056090445357256
2,FEEDER,s17c,x17,7.0559991565986895,3.528044979896859
2,FEEDER,s19a,x19,14.112056761571457,7.056110193300342
2,FEEDER,s20a,x20,14.04564047439447,7.022894172397361
2,MG1,s22b,x22,19.462681133951772,9.731615620537792
2,MG1,s24c,x24,19.200029342299164,9.600165537126006
2,MG1,s28a,x28,19.068911226206954,9.534560496839607
2,MG1,s29b,x29,0.0,0.0
2,MG1,s30c,x30,19.200029430902934,9.600167334007326
2,MG1,s31c,x31,4.800002584196495,2.4000352647388348
2,MG1,s32c,x32,4.800002666365448,2.4000353498139355
2,MG1,s33a,x33,19.291603721340252,9.645909579325217
2,FEEDER,s34c,x34,14.233303448035414,7.116733528835578
2,FEEDER,s52a,x52,14.11206208276807,7.0560848684939605
2,FEEDER,s53a,x53,14.112067057138836,7.056081949907565
2,FEEDER,s55a,x55,7.008387609766849,3.504209353994781
2,FEEDER,s56b,x56,7.056038272330232,3.5281372766044834
2,FEEDER,s58b,x58,7.146801132433087,3.5735281732749242
2,FEEDER,s59b,x59,7.056048941292912,3.5281568377321153
2,FEEDER,s60a,x60,7.056043933084745,3.5280326133922113
2,FEEDER,s62c,x62,14.091119804527441,7.045659252485098
2,FEEDER,s63a,x63,14.112088919451908,7.056065915470389
2,FEEDER,s64b,x64,26.608632421396734,12.41790626354912
2,FEEDER,s65a,x65,8.624133929639916,0.7852028070509941
2,FEEDER,s65b,x65,8.697965299572244,0.8379872964494595
2,FEEDER,s65c,x65,17.59996830942553,1.8215768409488347
2,FEEDER,s66c,x66,26.459908281701143,12.348155424039419
2,FEEDER,s68a,x68,7.670828408760942,3.835414440033549
2,FEEDER,s69a,x69,15.323646543773597,7.661823856199039
2,FEEDER,s70a,x70,7.655442656892185,3.8277216606504836
2,FEEDER,s71a,x71,15.303689484239419,7.651845451692952
2,MG2,s73c,x73,20.932935561487906,10.466622353120117
2,MG2,s74c,x74,22.998632860712075,11.49948362721664
2,MG2,s75c,x75,20.87815267499757,10.43923074707688
2,MG2,s76a,x76,40.57242842930251,2.6308740241444304
2,MG2,s76b,x76,24.81689730649984,1.634926986254257
2,MG2,s76c,x76,26.08719548896039,2.7722871741444344
2,MG2,s77b,x77,19.200198697579797,9.600566799277635
2,MG2,s79a,x79,22.990214443556415,11.495099275056544
2,MG2,s80b,x80,19.20020115113635,9.600571424086118
2,MG2,s82a,x82,21.051962963468426,10.525973762272434
2,MG2,s83a,x83,0.0,0.0
2,MG2,s84c,x84,10.557657990630487,5.278909077709543
2,MG2,s85c,x85,21.092168791122564,10.54624454011943
2,MG2,s86b,x86,9.60010152279701,4.8002878283277335
2,MG2,s87b,x87,19.200206999001576,9.600583429990401
2,MG2,s88a,x88,20.832737013786556,10.416359031380013
2,MG2,s90b,x90,19.25742607327731,9.629173581968196
2,MG2,s92c,x92,21.114883683230676,10.557602988860173
2,MG2,s94a,x94,20.78935169697387,10.394664226503592
2,MG2,s95b,x95,9.600105517445078,4.800295820160482
2,MG2,s96b,x96,9.600105986837102,4.800296308400002
2,FEEDER,s98a,x98,15.330910559320328,7.665451701361191
2,FEEDER,s99b,x99,14.112135075683307,7.056406433588765
2,FEEDER,s100c,x100,17.016242327147342,8.508246030981983
2,MG3,add44,44,670.0025627508802,201.00624722255577
2,MG4,add108,108,660.8079265531219,198.24806222023733
3,FEEDER,s1a,x1,13.663992309952235,6.831979808793494
3,FEEDER,s2b,x2,6.831989406053739,3.415944915592928
3,FEEDER,s4c,x4,13.664004807109475,6.8319783045038305
3,FEEDER,s5c,x5,6.904911275168773,3.452443871900131
3,FEEDER,s6c,x6,13.948836108748988,6.974395040582217
3,FEEDER,s7a,x7,6.831993085283847,3.415990467708878
3,FEEDER,s9a,x9,13.6639819284923,6.831981573834651
3,FEEDER,s10a,x10,6.841432520161047,3.420712262513572
3,FEEDER,s11a,x11,13.698388949620993,6.849187684856324
3,FEEDER,s12b,x12,6.831983777537034,3.4159311270934256
3,FEEDER,s16c,x16,13.664017642610887,6.831974401120952
3,FEEDER,s17c,x17,6.832008858999914,3.4159872381748415
3,FEEDER,s19a,x19,13.663971509056474,6.831976881815966
3,FEEDER,s20a,x20,13.590971182967202,6.795478996399598
3,MG1,s22b,x22,19.028995096938093,9.514305282711405
3,MG1,s24c,x24,18.800015308628176,9.3999483748415
3,MG1,s28a,x28,18.655248296398383,9.327613154726624
3,MG1,s29b,x29,0.0,0.0
3,MG1,s30c,x30,18.800014144074414,9.39994576068462
3,MG1,s31c,x31,4.700005350984851,2.349988967800763
3,MG1,s32c,x32,4.700005320143527,2.34998893610602
3,MG1,s33a,x33,18.87440560614849,9.437191302430415
3,FEEDER,s34c,x34,13.772317881654697,6.8861263762893525
3,FEEDER,s52a,x52,13.663970630761655,6.831987717975596
3,FEEDER,s53a,x53,13.663968013398504,6.831990233476716
3,FEEDER,s55a,x55,6.779009898135993,3.3895109117142552
3,FEEDER,s56b,x56,6.831976339593094,3.41591097702491
3,FEEDER,s58b,x58,6.915136464784347,3.4574853141457584
3,FEEDER,s59b,x59,6.831970564620768,3.4158999509009766
3,FEEDER,s60a,x60,6.831978414457133,3.416001911744607
3,FEEDER,s62c,x62,13.634160624072116,6.8170374084302905
3,FEEDER,s63a,x63,13.663956582005797,6.832003944855654
3,FEEDER,s64b,x64,25.747058137368523,12.014943836289453
3,FEEDER,s65a,x65,8.342009164108394,0.7595856749150899
3,FEEDER,s65b,x65,8.412365177535515,0.809800404758557
3,FEEDER,s65c,x65,17.02489653528569,1.7626818589834192
3,FEEDER,s66c,x66,25.620098427361146,11.955966777695073
3,FEEDER,s68a,x68,7.41919635917582,3.709616036781657
3,FEEDER,s69a,x69,14.8215123260372,7.410791794250146
3,FEEDER,s70a,x70,7.404775697141265,3.702405634713149
3,FEEDER,s71a,x71,14.802806739922822,7.401438909005114
3,MG2,s73c,x73,20.479527079498137,10.239695018270387
3,MG2,s74c,x74,22.50208470805057,11.250968547942403
3,MG2,s75c,x75,20.42702208671258,10.213442551736165
3,MG2,s76a,x76,39.67742484347254,2.573703853569428
3,MG2,s76b,x76,24.28466079546982,1.5996712191997595
3,MG2,s76c,x76,25.508467590477157,2.709533863561628
3,MG2,s77b,x77,18.799882692930552,9.399643375994838
3,MG2,s79a,x79,22.485684127541646,11.242900923915881
3,MG2,s80b,x80,18.799881305314926,9.399640827970337
3,MG2,s82a,x82,20.589310578143376,10.294710290546027
3,MG2,s83a,x83,0.0,0.0
3,MG2,s84c,x84,10.329109502228329,5.1645188481598385
3,MG2,s85c,x85,20.636034352859316,10.317945352995661
3,MG2,s86b,x86,9.399940434801506,4.699819694281895
3,MG2,s87b,x87,18.79987903064359,9.39963566624831
3,MG2,s88a,x88,20.37550204657958,10.18780588158225
3,MG2,s90b,x90,18.842472472421615,9.420942189730942
3,MG2,s92c,x92,20.656235666334542,10.328045664772857
3,MG2,s94a,x94,20.333424912303798,10.166768380696041
3,MG2,s95b,x95,9.399938604885923,4.6998158791359215
3,MG2,s96b,x96,9.399938389156741,4.699815662415988
3,FEEDER,s98a,x98,14.827640568153416,7.413858409378495
3,FEEDER,s99b,x99,13.663920287826135,6.831745852888111
3,FEEDER,s100c,x100,16.463325936587903,8.231608261325635
3,MG3,add44,44,669.9987818518516,200.99683375157093
3,MG4,add108,108,660.1777079526105,198.0503484250164
4,FEEDER,s1a,x1,13.887979834657125,6.943946840398204
4,FEEDER,s2b,x2,6.943975764604153,3.4718874403627384
4,FEEDER,s4c,x4,13.888000074779226,6.943933420831777
4,FEEDER,s5c,x5,7.01064369566828,3.505290016532268
4,FEEDER,s6c,x6,14.147436902512514,7.073656968110594
4,FEEDER,s7a,x7,6.943983989321851,3.47197421773388
4,FEEDER,s9a,x9,13.887959571169109,6.943949042585949
4,FEEDER,s10a,x10,6.9449742216181,3.4724738358939415
4,FEEDER,s11a,x11,13.888683857675016,6.94431880872442
4,FEEDER,s12b,x12,6.9439640244102625,3.471860655680209
4,FEEDER,s16c,x16,13.888021594252002,6.943917913005152
4,FEEDER,s17c,x17,6.94401097153022,3.4719591415932465
4,FEEDER,s19a,x19,13.887944255758132,6.943940136706223
4,FEEDER,s20a,x20,13.794856640841127,6.897401593148434
4,MG1,s22b,x22,20.18025576289337,10.08973785752452
4,MG1,s24c,x24,20.000003154357305,9.99983336027988
4,MG1,s28a,x28,19.809804499083636,9.90485862810291
4,MG1,s29b,x29,0.0,0.0
4,MG1,s30c,x30,20.00000342263905,9.999830921962019
4,MG1,s31c,x31,5.000005834055199,2.499964620464478
4,MG1,s32c,x32,5.000005751310055,2.4999645350450463
4,MG1,s33a,x33,20.041213535802694,10.020561413895594
4,FEEDER,s34c,x34,13.959564114920576,6.979696711698007
4,FEEDER,s52a,x52,13.88793588006885,6.943960041491219
4,FEEDER,s53a,x53,13.887929724040347,6.943964572423702
4,FEEDER,s55a,x55,6.8684444965512395,3.4342294177949158
4,FEEDER,s56b,x56,6.943947736301298,3.4718184419749316
4,FEEDER,s58b,x58,7.019099119099424,3.5093820040816213
4,FEEDER,s59b,x59,6.943935022729867,3.4717945191274415
4,FEEDER,s60a,x60,6.943951509288447,3.4719944409909274
4,FEEDER,s62c,x62,13.804626473181283,6.902205869954086
4,FEEDER,s63a,x63,13.887902286303587,6.943988634629421
4,FEEDER,s64b,x64,26.125260481263112,12.191075656296626
4,FEEDER,s65a,x65,8.445416570806392,0.7674562472452449
4,FEEDER,s65b,x65,8.520498825734292,0.8210070636677975
4,FEEDER,s65c,x65,17.243102909885955,1.7865804688833433
4,FEEDER,s66c,x66,26.04016471915208,12.151867850652762
4,FEEDER,s68a,x68,7.511467242408677,3.7557647432754546
4,FEEDER,s69a,x69,15.005571355975718,7.502847785885365
4,FEEDER,s70a,x70,7.496634258543322,3.7483481349440573
4,FEEDER,s71a,x71,14.986331115400015,7.4932275145994875
4,MG2,s73c,x73,21.679018967369743,10.839332525495726
4,MG2,s74c,x74,23.81494705970355,11.907281885502183
4,MG2,s75c,x75,21.619974733832564,10.809810632474246
4,MG2,s76a,x76,42.00974216408736,2.7177789150870395
4,MG2,s76b,x76,25.774913038447043,1.6981634981642342
4,MG2,s76c,x76,27.02241045905402,2.8742813190241105
4,MG2,s77b,x77,19.999720672987387,9.99921205329822
4,MG2,s79a,x79,23.801566470031965,11.900892250514577
4,MG2,s80b,x80,19.999717103509813,9.99920564133594
4,MG2,s82a,x82,21.796400342239846,10.898302771374135
4,MG2,s83a,x83,0.0,0.0
4,MG2,s84c,x84,10.932822984726947,5.4663192480354255
4,MG2,s85c,x85,21.840700048449502,10.92016557999765
4,MG2,s86b,x86,9.99985737652262,4.99960001098699
4,MG2,s87b,x87,19.999709278753038,9.999189427244689
4,MG2,s88a,x88,21.568012908794625,10.784110183836045
4,MG2,s90b,x90,19.99553319442995,9.997129506930854
4,MG2,s92c,x92,21.86862518141948,10.934126870300492
4,MG2,s94a,x94,21.522345962317043,10.76127950966388
4,MG2,s95b,x95,9.999851865008754,4.99958911740392
4,MG2,s96b,x96,9.999851222775472,4.999588450764517
4,FEEDER,s98a,x98,15.011477210312005,7.505805890658048
4,FEEDER,s99b,x99,13.887823300711004,6.943470852388337
4,FEEDER,s100c,x100,16.6660205095261,8.332874667248694
4,MG3,add44,44,679.997191526684,203.99312210520105
4,MG4,add108,108,679.6459755001534,203.88717304873438
5,FEEDER,s1a,x1,15.23192637025836,7.615825573097981
5,FEEDER,s2b,x2,7.6159136405703,3.8076738381132675
5,FEEDER,s4c,x4,15.231971498290802,7.615746201617049
5,FEEDER,s5c,x5,7.662690240286947,3.831231884623397
5,FEEDER,s6c,x6,15.41009336166387,7.70482983659464
5,FEEDER,s7a,x7,7.615946634895606,3.807914662844648
5,FEEDER,s9a,x9,15.231869253737399,7.615830045084682
5,FEEDER,s10a,x10,7.586925249261096,3.7934185437216215
5,FEEDER,s11a,x11,15.113070104597279,7.556459850889533
5,FEEDER,s12b,x12,7.615875391334894,3.8075991477077475
5,FEEDER,s16c,x16,15.232019221364878,7.615675206291401
5,FEEDER,s17c,x17,7.616010347210684,3.8078383813210537
5,FEEDER,s19a,x19,15.231831923714257,7.615796216067328
5,FEEDER,s20a,x20,15.064886758546807,7.532343960578875
5,MG1,s22b,x22,24.004915181694923,12.001310388473868
5,MG1,s24c,x24,23.999877455339526,11.999256067464291
5,MG1,s28a,x28,23.641153093799918,11.820396888628718
5,MG1,s29b,x29,0.0,0.0
5,MG1,s30c,x30,23.999878932119458,11.999248545742626
5,MG1,s31c,x31,5.9999948952416355,2.9998460455662848
5,MG1,s32c,x32,5.999994486793948,2.999845625213171
5,MG1,s33a,x33,23.912231442621945,11.955927711565092
5,FEEDER,s34c,x34,15.181477916571957,7.5904383208775705
5,FEEDER,s52a,x52,15.231802546474704,7.615866383013385
5,FEEDER,s53a,x53,15.23178470429857,7.615881810208577
5,FEEDER,s55a,x55,7.463252293731161,3.7316462265782815
5,FEEDER,s56b,x56,7.615821012790255,3.807478289769884
5,FEEDER,s58b,x58,7.672002428380428,3.8355368114253903
5,FEEDER,s59b,x59,7.61577880705341,3.8074052446803
5,FEEDER,s60a,x60,7.615854263475663,3.807982989312774
5,FEEDER,s62c,x62,14.97414512296173,7.486694848748447
5,FEEDER,s63a,x63,15.23170606401706,7.615964505568654
5,FEEDER,s64b,x64,28.527866280227727,13.3110233952128
5,FEEDER,s65a,x65,9.159474423616933,0.826454094048228
5,FEEDER,s65b,x65,9.256545093318941,0.8955654779357162
5,FEEDER,s65c,x65,18.726555796773752,1.9441713191854069
5,FEEDER,s66c,x66,28.56039578832712,13.327430412333598
5,FEEDER,s68a,x68,8.147900471246409,4.074046911918145
5,FEEDER,s69a,x69,16.275192287540875,8.13778906433423
5,FEEDER,s70a,x70,8.13029541418123,4.065244014303565
5,FEEDER,s71a,x71,16.25235762471197,8.126371254159196
5,MG2,s73c,x73,25.655771308359267,12.827205974269436
5,MG2,s74c,x74,28.1634750171668,14.081002441655901
5,MG2,s75c,x75,25.572265395161455,12.785454217394046
5,MG2,s76a,x76,49.756844221736834,3.1881076952452716
5,MG2,s76b,x76,30.7347033923991,2.0262008010053294
5,MG2,s76c,x76,32.06846894066565,3.4282527099333184
5,MG2,s77b,x77,23.998933289486093,11.99743639430855
5,MG2,s79a,x79,28.16199130408937,14.081367589747597
5,MG2,s80b,x80,23.998919255797407,11.997412185430598
5,MG2,s82a,x82,25.798003381400733,12.899351257936686
5,MG2,s83a,x83,0.0,0.0
5,MG2,s84c,x84,12.93360110230158,6.466446242522733
5,MG2,s85c,x85,25.83192802477829,12.91525571103609
5,MG2,s86b,x86,11.999454034548046,5.998698193528416
5,MG2,s87b,x87,23.99888530088774,11.997353631204335
5,MG2,s88a,x88,25.52346059224368,12.762088676154322
5,MG2,s90b,x90,23.84059890898529,11.918335485388083
5,MG2,s92c,x92,25.893197227095456,12.945882820587522
5,MG2,s94a,x94,25.464966604762363,12.732852393508711
5,MG2,s95b,x95,11.999430958177191,5.99865414745182
5,MG2,s96b,x96,11.999428290605607,5.998651386286629
5,FEEDER,s98a,x98,16.28286930168741,8.141643110299107
5,FEEDER,s99b,x99,15.2314012254464,7.614458081407546
5,FEEDER,s100c,x100,18.07220422363098,9.035626011829612
5,MG3,add44,44,719.9906288958931,215.97958788688908
5,MG4,add108,108,717.089206767478,215.10785914912157
6,FEEDER,s1a,x1,17.471983355489023,8.73598480190909
6,FEEDER,s2b,x2,8.735966618691444,4.367890339166121
6,FEEDER,s4c,x4,17.47200700759778,8.735970283051946
6,FEEDER,s5c,x5,8.738734343693535,4.369351514244499
6,FEEDER,s6c,x6,17.472709124624078,8.736324535831525
6,FEEDER,s7a,x7,8.735986219183072,4.367996262608867
6,FEEDER,s9a,x9,17.471964761324433,8.735997373443416
6,FEEDER,s10a,x10,8.640278219674052,4.320147831724899
6,FEEDER,s11a,x11,17.0896277303234,8.544833014729464
6,FEEDER,s12b,x12,8.735951938124433,4.367862751922108
6,FEEDER,s16c,x16,17.47203793810643,8.735966384594093
6,FEEDER,s17c,x17,8.736019053160698,4.367983281251237
6,FEEDER,s19a,x19,17.47194773743011,8.736001466199724
6,FEEDER,s20a,x20,17.14009129846826,8.570076056879639
6,MG1,s22b,x22,28.405099653547822,14.202141368463593
6,MG1,s24c,x24,28.800045052881583,14.3999146329641
6,MG1,s28a,x28,28.102879706900953,14.05148560130228
6,MG1,s29b,x29,0.0,0.0
6,MG1,s30c,x30,28.800044846622548,14.399913118695418
6,MG1,s31c,x31,7.200015314202529,3.5999836218469374
6,MG1,s32c,x32,7.200015257105587,3.5999835638602145
6,MG1,s33a,x33,28.419002430148524,14.209546547961711
6,FEEDER,s34c,x34,17.164901466039446,8.58240199113776
6,FEEDER,s52a,x52,17.471943142629566,8.736018105463314
6,FEEDER,s53a,x53,17.471937690174137,8.73602452185422
6,FEEDER,s55a,x55,8.415922473917606,4.207993799431006
6,FEEDER,s56b,x56,8.735931159008002,4.36782129540463
6,FEEDER,s58b,x58,8.746385969288655,4.373039587462754
6,FEEDER,s59b,x59,8.735915675162342,4.367796353283216
6,FEEDER,s60a,x60,8.73595704523954,4.3680292714263524
6,FEEDER,s62c,x62,16.865134359453254,8.432488759913403
6,FEEDER,s63a,x63,17.47191347401321,8.736058797669001
6,FEEDER,s64b,x64,32.47020558651837,15.152110637577268
6,FEEDER,s65a,x65,10.305830689259293,0.9200506742490234
6,FEEDER,s65b,x65,10.440531411903036,1.0161823231608533
6,FEEDER,s65c,x65,21.117474420894915,2.2014625926579283
6,FEEDER,s66c,x66,32.76021581364726,15.28795417140401
6,FEEDER,s68a,x68,9.161914411410162,4.5810199844644615
6,FEEDER,s69a,x69,18.29733488896011,9.148792833606258
6,FEEDER,s70a,x70,9.139282927435687,4.569704098620487
6,FEEDER,s71a,x71,18.267983469692815,9.134116937367452
6,MG2,s73c,x73,30.144468306511463,15.072083562675278
6,MG2,s74c,x74,33.06279475116497,16.531233810642853
6,MG2,s75c,x75,30.027213573514537,15.013456619575296
6,MG2,s76a,x76,58.4698549094745,3.6966620163935806
6,MG2,s76b,x76,36.50510171350968,2.407958699816496
6,MG2,s76c,x76,37.79466331959248,4.073384992383528
6,MG2,s77b,x77,28.799576010848806,14.3990804355548
6,MG2,s79a,x79,33.02620667217477,16.513341964119036
6,MG2,s80b,x80,28.799570337332415,14.399070969949516
6,MG2,s82a,x82,30.265684229401533,15.133066948367194
6,MG2,s83a,x83,0.0,0.0
6,MG2,s84c,x84,15.189933389706908,7.594886286285826
6,MG2,s85c,x85,30.330345987792487,15.165012333436007
6,MG2,s86b,x86,14.399783050980266,7.1995348502153504
6,MG2,s87b,x87,28.799557345447248,14.399053601195977
6,MG2,s88a,x88,29.93933583724918,14.969893838289565
6,MG2,s90b,x90,28.322905461326485,14.160782300337042
6,MG2,s92c,x92,30.443613353822933,15.221641315367267
6,MG2,s94a,x94,29.864431123179084,14.932445344456058
6,MG2,s95b,x95,14.399774170477185,7.199518240517779
6,MG2,s96b,x96,14.399773152242618,7.199517210632186
6,FEEDER,s98a,x98,18.30818892822385,9.154225277587175
6,FEEDER,s99b,x99,17.471773086459397,8.735474415649525
6,FEEDER,s100c,x100,20.344937244763756,10.172366354138823
6,MG3,add44,44,779.9976399160555,233.9954495234694
6,MG4,add108,108,781.4488305673071,234.43004368879176
7,FEEDER,s1a,x1,19.711978647049897,9.855984384720632
7,FEEDER,s2b,x2,9.855949775040697,4.927863797810282
7,FEEDER,s4c,x4,19.712007345436575,9.855957758156864
7,FEEDER,s5c,x5,9.807663090457595,4.9038099661434265
7,FEEDER,s6c,x6,19.508275387343406,9.754096411516272
7,FEEDER,s7a,x7,9.85598300103265,4.9279977218692395
7,FEEDER,s9a,x9,19.711957040643583,9.85600243381442
7,FEEDER,s10a,x10,9.687733588085282,4.843880261923298
7,FEEDER,s11a,x11,19.04508182485691,9.522569782902105
7,FEEDER,s12b,x12,9.855928941536904,4.927829929771497
7,FEEDER,s16c,x16,19.712046089780824,9.855948622690383
7,FEEDER,s17c,x17,9.856023158937075,4.927974429829412
7,FEEDER,s19a,x19,19.711937636205672,9.856009665880588
7,FEEDER,s20a,x20,19.205876768847506,9.602982482912195
7,MG1,s22b,x22,33.10931522264839,16.554164929245957
7,MG1,s24c,x24,34.00004970121252,16.999865231984504
7,MG1,s28a,x28,32.90586960377955,16.453003952072343
7,MG1,s29b,x29,0.0,0.0
7,MG1,s30c,x30,34.00004927713582,16.99986330521348
7,MG1,s31c,x31,8.500018794120663,4.2499740380840505
7,MG1,s32c,x32,8.500018708105912,4.24997395181016
7,MG1,s33a,x33,33.26691348052863,16.633525406083038
7,FEEDER,s34c,x34,19.122176647290093,9.561019854625949
7,FEEDER,s52a,x52,19.711931841452806,9.856031464173483
7,FEEDER,s53a,x53,19.711925424121684,9.856040312279568
7,FEEDER,s55a,x55,9.360282232043282,4.68018531994247
7,FEEDER,s56b,x56,9.8558989974835,4.927779377099007
7,FEEDER,s58b,x58,9.815613030240115,4.9076271728081755
7,FEEDER,s59b,x59,9.85587687098974,4.927746905703616
7,FEEDER,s60a,x60,9.85594910317168,4.928043560064551
7,FEEDER,s62c,x62,18.72812994632007,9.363950128662717
7,FEEDER,s63a,x63,19.71189742035784,9.856087467830525
7,FEEDER,s64b,x64,36.386405303944834,16.97955999039311
7,FEEDER,s65a,x65,11.436838958822431,1.0115809071140633
7,FEEDER,s65b,x65,11.612608317253347,1.1370325233081016
7,FEEDER,s65c,x65,23.47526207777664,2.4529572075515063
7,FEEDER,s66c,x66,36.960272640124444,17.247909187497534
7,FEEDER,s68a,x68,10.166122647497302,5.083144807322933
7,FEEDER,s69a,x69,20.299170799537716,10.14975212700159
7,FEEDER,s70a,x70,10.13787133320689,5.069018945226632
7,FEEDER,s71a,x71,20.26253430700266,10.13143361489803
7,MG2,s73c,x73,34.92038835722313,17.459963326856325
7,MG2,s74c,x74,38.26595097179099,19.132724896684525
7,MG2,s75c,x75,34.760653237344485,17.380096585598597
7,MG2,s76a,x76,68.182862842544,4.257220377928323
7,MG2,s76b,x76,42.70978459365579,2.818278545693014
7,MG2,s76c,x76,43.918907552555936,4.766983198491034
7,MG2,s77b,x77,33.999343597529645,16.998777004846755
7,MG2,s79a,x79,38.214063251001086,19.10736249413593
7,MG2,s80b,x80,33.99933469403461,16.998762706573842
7,MG2,s82a,x82,35.034729595390004,17.517677126783603
7,MG2,s83a,x83,0.0,0.0
7,MG2,s84c,x84,17.58917214157451,8.794462706455302
7,MG2,s85c,x85,35.110892300635534,17.555199739714862
7,MG2,s86b,x86,16.999663732501876,8.499382784124252
7,MG2,s87b,x87,33.9993133352678,16.99874022437266
7,MG2,s88a,x88,34.65372337022408,17.327175970308627
7,MG2,s90b,x90,33.131188001750225,16.56476768591995
7,MG2,s92c,x92,35.29542645877303,17.64745805809597
7,MG2,s94a,x94,34.55916826646658,17.27990422383746
7,MG2,s95b,x95,16.999649332994352,8.499356584833313
7,MG2,s96b,x96,16.99964769199755,8.499354935309254
7,FEEDER,s98a,x98,20.313649405962103,10.156998609131223
7,FEEDER,s99b,x99,19.711669211124637,9.855343539556541
7,FEEDER,s100c,x100,22.584881785401816,11.292290842158621
7,MG3,add44,44,849.996873696954,254.99464684587554
7,MG4,add108,108,845.8820732898721,253.75923231575007
8,FEEDER,s1a,x1,21.279981513033672,10.639989750594621
8,FEEDER,s2b,x2,10.639946632956093,5.319872022042046
8,FEEDER,s4c,x4,21.280005977055154,10.63995742674262
8,FEEDER,s5c,x5,10.547820017619555,5.273888630943761
8,FEEDER,s6c,x6,20.9020337935208,10.450976079576604
8,FEEDER,s7a,x7,10.639985316046616,5.320000733149211
8,FEEDER,s9a,x9,21.279962885688995,10.64000894057554
8,FEEDER,s10a,x10,10.412195520161848,5.206112761486531
8,FEEDER,s11a,x11,20.38096947683119,10.190516170515679
8,FEEDER,s12b,x12,10.639925111733868,5.319840465963581
8,FEEDER,s16c,x16,21.28004266683342,10.639945906089892
8,FEEDER,s17c,x17,10.64002144303349,5.319973064977987
8,FEEDER,s19a,x19,21.279946415241298,10.640018152338504
8,FEEDER,s20a,x20,20.63271208906625,10.316403482777055
8,MG1,s22b,x22,36.64615261130655,18.32262400624652
8,MG1,s24c,x24,38.000042551615515,18.999853078568787
8,MG1,s28a,x28,36.55432636181133,18.277240383191064
8,MG1,s29b,x29,0.0,0.0
8,MG1,s30c,x30,38.000041860179856,18.999850875712163
8,MG1,s31c,x31,9.500017629851966,4.749971647693207
8,MG1,s32c,x32,9.500017537883465,4.749971556445934
8,MG1,s33a,x33,36.94797095004223,18.474062401037543
8,FEEDER,s34c,x34,20.45579896612357,10.227830421067205
8,FEEDER,s52a,x52,21.279941083514384,10.640038815136991
8,FEEDER,s53a,x53,21.27993549700976,10.640047756939891
8,FEEDER,s55a,x55,10.003674075802941,5.001881369052964
8,FEEDER,s56b,x56,10.639893980753282,5.3197938595699945
8,FEEDER,s58b,x58,10.554500147253654,5.277089805912455
8,FEEDER,s59b,x59,10.639871165316558,5.319762422736425
8,FEEDER,s60a,x60,10.639956224242932,5.320047432852275
8,FEEDER,s62c,x62,19.9913617763623,9.995562204915169
8,FEEDER,s63a,x63,21.27991177767778,10.640095260406332
8,FEEDER,s64b,x64,39.08458041566513,18.238789887890874
8,FEEDER,s65a,x65,12.202357581293557,1.0726318556089995
8,FEEDER,s65b,x65,12.409431079022571,1.2204521928314385
8,FEEDER,s65c,x65,25.07310052264642,2.6227765949963615
8,FEEDER,s66c,x66,39.90025820824956,18.619892861115066
8,FEEDER,s68a,x68,10.847388846743867,5.423776437408808
8,FEEDER,s69a,x69,21.656745392990047,10.828536483079619
8,FEEDER,s70a,x70,10.814903818835676,5.407533717162533
8,FEEDER,s71a,x71,21.61462135378853,10.807474195910588
8,MG2,s73c,x73,38.49622467407903,19.247865397976028
8,MG2,s74c,x74,42.15471499374937,21.077089716154944
8,MG2,s75c,x75,38.29995192193085,19.149730022561577
8,MG2,s76a,x76,75.70762613536596,4.6861626049482075
8,MG2,s76b,x76,47.42200482237517,3.1302326908414746
8,MG2,s76c,x76,48.51877914235672,5.291710360780133
8,MG2,s77b,x77,37.999281930631696,18.998790180527788
8,MG2,s79a,x79,42.09609730154932,21.048384003956453
8,MG2,s80b,x80,37.999272049424015,18.998774674143252
8,MG2,s82a,x82,38.6063589705493,19.30349678747265
8,MG2,s83a,x83,0.0,0.0
8,MG2,s84c,x84,19.384394431510017,9.69206516987422
8,MG2,s85c,x85,38.68591512478763,19.34269386566866
8,MG2,s86b,x86,18.999631997713553,9.499391394865924
8,MG2,s87b,x87,37.99924806424106,18.998754639738806
8,MG2,s88a,x88,38.18663146499467,19.093634477848013
8,MG2,s90b,x90,36.773317993004056,18.385891550776652
8,MG2,s92c,x92,38.93662898747014,19.468040238612268
8,MG2,s94a,x94,38.075803171432895,19.03822659179284
8,MG2,s95b,x95,18.99961571480339,9.49936225785487
8,MG2,s96b,x96,18.999613865251597,9.499360406255915
8,FEEDER,s98a,x98,21.673398415333438,10.836870140551197
8,FEEDER,s99b,x99,21.27965424627733,10.639381765492256
8,FEEDER,s100c,x100,24.103023793538274,12.051356667077364
8,MG3,add44,44,899.9969510951612,269.9951776663736
8,MG4,add108,108,901.3530659740968,270.40101836342876
9,FEEDER,s1a,x1,21.951818497221076,10.975755652065388
9,FEEDER,s2b,x2,10.975820812347656,5.48760223958052
9,FEEDER,s4c,x4,21.951934840443514,10.975673588307417
9,FEEDER,s5c,x5,10.860244177264036,5.429986898270554
9,FEEDER,s6c,x6,21.48085175959609,10.740172042141054
9,FEEDER,s7a,x7,10.975884361999135,5.48788117622506
9,FEEDER,s9a,x9,21.951732029289154,10.975763735993787
9,FEEDER,s10a,x10,10.717374695783672,5.358651282736118
9,FEEDER,s11a,x11,20.933454637178745,10.46667768579171
9,FEEDER,s12b,x12,10.975757811520074,5.48751255938601
9,FEEDER,s16c,x16,21.951993507586707,10.975576377260666
9,FEEDER,s17c,x17,10.97599780871496,5.48778929022661
9,FEEDER,s19a,x19,21.951666742408396,10.975710968463817
9,FEEDER,s20a,x20,21.231113376947473,10.61547168278544
9,MG1,s22b,x22,38.37184640266451,19.184597524030437
9,MG1,s24c,x24,39.99962267037689,19.998766296136672
9,MG1,s28a,x28,38.35544532332883,19.177514316908884
9,MG1,s29b,x29,0.0,0.0
9,MG1,s30c,x30,39.999622234452374,19.998750773461055
9,MG1,s31c,x31,9.999965138136341,4.999764248700507
9,MG1,s32c,x32,9.999964255171369,4.999763344665409
9,MG1,s33a,x33,38.764880817403444,19.38221529275999
9,FEEDER,s34c,x34,21.004566116983174,10.501921037376583
9,FEEDER,s52a,x52,21.951635127175702,10.975822995319024
9,FEEDER,s53a,x53,21.951609852311183,10.975847854745407
9,FEEDER,s55a,x55,10.269267875469438,5.134695474667154
9,FEEDER,s56b,x56,10.975664161895445,5.487374010949373
9,FEEDER,s58b,x58,10.86561427473415,5.43232872732958
9,FEEDER,s59b,x59,10.975590209033413,5.487274711302669
9,FEEDER,s60a,x60,10.975746943054329,5.487991200842854
9,FEEDER,s62c,x62,20.510268638809947,10.254625963140494
9,FEEDER,s63a,x63,21.951488169239234,10.975980074522196
9,FEEDER,s64b,x64,40.219128877202444,18.766890854044078
9,FEEDER,s65a,x65,12.516530401262353,1.0969925760305914
9,FEEDER,s65b,x65,12.738677405725078,1.2554776971141788
9,FEEDER,s65c,x65,25.72980423498717,2.6918919860137014
9,FEEDER,s66c,x66,41.16051891345286,19.207202180792716
9,FEEDER,s68a,x68,11.12790729117883,5.5641361518385875
9,FEEDER,s69a,x69,22.215595178197603,11.108161873957929
9,FEEDER,s70a,x70,11.093554664137976,5.546959216750723
9,FEEDER,s71a,x71,22.171050631212275,11.08588879431298
9,MG2,s73c,x73,40.24845235581189,20.12317521977397
9,MG2,s74c,x74,44.05800780572884,22.027857427933828
9,MG2,s75c,x75,40.03272649893378,20.015317482987747
9,MG2,s76a,x76,79.43461223409669,4.895175239254121
9,MG2,s76b,x76,49.75763844861352,3.285217220909998
9,MG2,s76c,x76,50.77809017877879,5.549309154564923
9,MG2,s77b,x77,39.9976338932075,19.996171533659005
9,MG2,s79a,x79,44.000201919727786,22.00088301548855
9,MG2,s80b,x80,39.99760242598501,19.99612077273369
9,MG2,s82a,x82,40.35920380729082,20.18033904568355
9,MG2,s83a,x83,0.0,0.0
9,MG2,s84c,x84,20.263858795614613,10.131377825845858
9,MG2,s85c,x85,40.436632698852115,20.21721541743657
9,MG2,s86b,x86,19.998795589474966,9.998083118796146
9,MG2,s87b,x87,39.99755110601722,19.99607630908544
9,MG2,s88a,x88,39.99886435444353,19.999948598598486
9,MG2,s90b,x90,38.57679446061085,19.286031177039348
9,MG2,s92c,x92,40.725452233815375,20.361624222040714
9,MG2,s94a,x94,39.9987682785251,19.999841447915244
9,MG2,s95b,x95,19.99875384431214,9.997990351963844
9,MG2,s96b,x96,19.99874756848084,9.997984169065315
9,FEEDER,s98a,x98,22.23241441773554,11.116593317906865
9,FEEDER,s99b,x99,21.950897043980863,10.974104650247849
9,FEEDER,s100c,x100,24.726335594292635,12.362517920312447
9,MG3,add44,44,939.9853758677048,281.9780255190388
9,MG4,add108,108,939.0013768897666,281.6817809869211
10,FEEDER,s1a,x1,22.3998967998212,11.199805628875994
10,FEEDER,s2b,x2,11.199974329961117,5.599937326688072
10,FEEDER,s4c,x4,22.3999489447178,11.19987091226494
10,FEEDER,s5c,x5,11.072537766902961,5.536222595915939
10,FEEDER,s6c,x6,21.88250203591891,10.94116612857968
10,FEEDER,s7a,x7,11.19993789274034,5.5998908655057
10,FEEDER,s9a,x9,22.39985974081931,11.199763717523961
10,FEEDER,s10a,x10,10.921202984909353,5.460529258813783
10,FEEDER,s11a,x11,21.303179174735195,10.651461554640358
10,FEEDER,s12b,x12,11.199971244136975,5.599926807816573
10,FEEDER,s16c,x16,22.39992687102659,11.199838363500865
10,FEEDER,s17c,x17,11.199963996443193,5.5999197674708014
10,FEEDER,s19a,x19,22.399822026706662,11.19967729716162
10,FEEDER,s20a,x20,21.62601015406889,10.812802907754369
10,MG1,s22b,x22,37.573262351818215,18.786441010049966
10,MG1,s24c,x24,39.199734531940685,19.59957677720056
10,MG1,s28a,x28,37.53995235209969,18.76959991518791
10,MG1,s29b,x29,0.0,0.0
10,MG1,s30c,x30,39.199721146545464,19.59955428518896
10,MG1,s31c,x31,9.799950138042743,4.899914523187036
10,MG1,s32c,x32,9.799949785909364,4.899914169916054
10,MG1,s33a,x33,37.94407320515772,18.97165105891689
10,FEEDER,s34c,x34,21.38914390604533,10.694474226016885
10,FEEDER,s52a,x52,22.399827246901935,11.199748279430624
10,FEEDER,s53a,x53,22.399820255603803,11.199751590975872
10,FEEDER,s55a,x55,10.448234268136552,5.224062691104442
10,FEEDER,s56b,x56,11.199965877161253,5.5999102501521705
10,FEEDER,s58b,x58,11.080319841933928,5.5400842074079515
10,FEEDER,s59b,x59,11.199953634253312,5.599892870234974
10,FEEDER,s60a,x60,11.199893280065163,5.599887560825098
10,FEEDER,s62c,x62,20.888964349761814,10.444380964914865
10,FEEDER,s63a,x63,22.39978333647194,11.199772570000729
10,FEEDER,s64b,x64,41.011585540987944,19.138417555474
10,FEEDER,s65a,x65,12.742339381587124,1.114947247240947
10,FEEDER,s65b,x65,12.972621947109307,1.279460110996046
10,FEEDER,s65c,x65,26.2050897871853,2.744505405073676
10,FEEDER,s66c,x66,41.99993593486425,19.59973946821869
10,FEEDER,s68a,x68,11.32171036925249,5.660819771533647
10,FEEDER,s69a,x69,22.601684390684568,11.300771345886252
10,FEEDER,s70a,x70,11.286062420152412,5.642995777058788
10,FEEDER,s71a,x71,22.555461081559187,11.277659665382846
10,MG2,s73c,x73,39.42154247992533,19.71057382619148
10,MG2,s74c,x74,43.158878178765754,21.5792264699395
10,MG2,s75c,x75,39.21436798063553,19.606987323014817
10,MG2,s76a,x76,77.80274015864806,4.786106877801813
10,MG2,s76b,x76,48.7346167041046,3.2185844522732516
10,MG2,s76c,x76,49.72362174169828,5.440505210784711
10,MG2,s77b,x77,39.1997658850085,19.599511958274697
10,MG2,s79a,x79,43.0499945125122,21.52487242226401
10,MG2,s80b,x80,39.1997646166702,19.599508626175826
10,MG2,s82a,x82,39.48485882304206,19.742310978119356
10,MG2,s83a,x83,0.0,0.0
10,MG2,s84c,x84,19.849180607659324,9.924490018950605
10,MG2,s85c,x85,39.610883684162935,19.805241529114152
10,MG2,s86b,x86,19.59988916108539,9.799765430298038
10,MG2,s87b,x87,39.19978401636891,19.599530570686817
10,MG2,s88a,x88,39.19955258405226,19.59955350526007
10,MG2,s90b,x90,37.81682764246881,18.90807545476761
10,MG2,s92c,x92,39.89075891855641,19.945194571259904
10,MG2,s94a,x94,39.19954477826489,19.59954165794827
10,MG2,s95b,x95,19.599894371198953,9.799765151743177
10,MG2,s96b,x96,19.599894324341694,9.799765229168624
10,FEEDER,s98a,x98,22.618486760319925,11.30917637039095
10,FEEDER,s99b,x99,22.399870178477258,11.199718375562963
10,FEEDER,s100c,x100,25.183844581517754,12.59179701225464
10,MG3,add44,44,959.9951913351797,287.9923501213606
10,MG4,add108,108,968.2012597168748,290.45550342050694
11,FEEDER,s1a,x1,23.072000000035676,11.536000000042444
11,FEEDER,s2b,x2,11.536000000011994,5.767999999998003
11,FEEDER,s4c,x4,23.07200000001736,11.536000000005506
11,FEEDER,s5c,x5,11.619955719527297,5.809977859762118
11,FEEDER,s6c,x6,23.387385879163023,11.69369293957857
11,FEEDER,s7a,x7,11.536000000018387,5.7680000000215985
11,FEEDER,s9a,x9,23.072000000037523,11.536000000043714
11,FEEDER,s10a,x10,11.499192092712383,5.749596046368629
11,FEEDER,s11a,x11,22.91799402965325,11.458997014851416
11,FEEDER,s12b,x12,11.53600000001162,5.767999999998364
11,FEEDER,s16c,x16,23.072000000015517,11.536000000004043
11,FEEDER,s17c,x17,11.53600000000776,5.76800000000203
11,FEEDER,s19a,x19,23.0720000000386,11.53600000004447
11,FEEDER,s20a,x20,22.937299136189875,11.468649568119963
11,MG1,s22b,x22,35.13663454246246,17.568317271233376
11,MG1,s24c,x24,36.800000000020354,18.39999999997166
11,MG1,s28a,x28,35.79188115860983,17.895940579304362
11,MG1,s29b,x29,0.0,0.0
11,MG1,s30c,x30,36.80000000001922,18.39999999997695
11,MG1,s31c,x31,9.200000000005039,4.599999999992885
11,MG1,s32c,x32,9.200000000005042,4.599999999992886
11,MG1,s33a,x33,36.17992712152951,18.089963560764108
11,FEEDER,s34c,x34,23.277044288469362,11.638522144231237
11,FEEDER,s52a,x52,23.07200000004012,11.536000000045522
11,FEEDER,s53a,x53,23.07200000004086,11.53600000004604
11,FEEDER,s55a,x55,11.360128863016712,5.680064431521021
11,FEEDER,s56b,x56,11.536000000010853,5.767999999999054
11,FEEDER,s58b,x58,11.769999222919708,5.884999611453715
11,FEEDER,s59b,x59,11.536000000010644,5.767999999999311
11,FEEDER,s60a,x60,11.536000000022792,5.76800000002459
11,FEEDER,s62c,x62,23.007024586262485,11.503512293126274
11,FEEDER,s63a,x63,23.072000000045584,11.536000000049153
11,FEEDER,s64b,x64,43.80049497612269,20.440230988838017
11,FEEDER,s65a,x65,14.099334177552475,1.2873456777506453
11,FEEDER,s65b,x65,14.261861765076342,1.4034368116713314
11,FEEDER,s65c,x65,28.6515566938043,2.8981830259726196
11,FEEDER,s66c,x66,43.260000000021634,20.188000000000418
11,FEEDER,s68a,x68,12.349578958185248,6.17478947910672
11,FEEDER,s69a,x69,24.65229732943148,12.326148664743876
11,FEEDER,s70a,x70,12.309554864264275,6.154777432146182
11,FEEDER,s71a,x71,24.600401095486585,12.300200547771365
11,MG2,s73c,x73,36.80000026191982,18.400000304534636
11,MG2,s74c,x74,35.663201346583186,17.83160075248316
11,MG2,s75c,x75,36.80000028423036,18.400000328563273
11,MG2,s76a,x76,68.64452965698645,2.8882529273822986
11,MG2,s76b,x76,45.1053902757229,4.365398481423188
11,MG2,s76c,x76,45.19684305634907,4.438937585384837
11,MG2,s77b,x77,36.8000003002406,18.400000324653572
11,MG2,s79a,x79,36.13360437611705,18.0668022060601
11,MG2,s80b,x80,36.80000030668405,18.400000330975914
11,MG2,s82a,x82,36.800000204172335,18.400000204063783
11,MG2,s83a,x83,0.0,0.0
11,MG2,s84c,x84,18.400000133957217,9.200000161137153
11,MG2,s85c,x85,36.8000002816577,18.40000033710678
11,MG2,s86b,x86,18.40000017833923,9.200000181292774
11,MG2,s87b,x87,36.80000037805189,18.400000391053197
11,MG2,s88a,x88,36.80000026275509,18.40000023296142
11,MG2,s90b,x90,36.14108795236385,18.070544100398642
11,MG2,s92c,x92,36.80000026290816,18.40000030139428
11,MG2,s94a,x94,36.80000028516441,18.400000253224345
11,MG2,s95b,x95,18.40000020439183,9.200000213025467
11,MG2,s96b,x96,18.40000020638354,9.200000215172361
11,FEEDER,s98a,x98,24.730077313467334,12.365038656761879
11,FEEDER,s99b,x99,23.072000000020456,11.53599999999993
11,FEEDER,s100c,x100,27.852943572862273,13.926471786425129
11,MG3,add44,44,980.0000000000008,293.9999999999991
11,MG4,add108,108,970.0000000000007,290.99999999999807
12,FEEDER,s1a,x1,23.520001594075442,11.760026268652268
12,FEEDER,s2b,x2,11.759953455744137,5.879885914286354
12,FEEDER,s4c,x4,23.520023464671343,11.76000305152877
12,FEEDER,s5c,x5,11.618458319766031,5.809224624305575
12,FEEDER,s6c,x6,22.94595193913427,11.472966540186576
12,FEEDER,s7a,x7,11.75999690215577,5.880020777804165
12,FEEDER,s9a,x9,23.519988525710687,11.760051819540552
12,FEEDER,s10a,x10,11.446642181682307,5.723348768979069
12,FEEDER,s11a,x11,22.289098119812827,11.144602381406996
12,FEEDER,s12b,x12,11.759933724326089,5.879856005250482
12,FEEDER,s16c,x16,23.52006855146329,11.760007845423504
12,FEEDER,s17c,x17,11.760034210579226,5.880003854540005
12,FEEDER,s19a,x19,23.519970514612236,11.760074672739455
12,FEEDER,s20a,x20,22.653658167857934,11.32691472475837
12,MG1,s22b,x22,33.877830188978095,16.938553540224955
12,MG1,s24c,x24,35.20012706800948,17.6000337012946
12,MG1,s28a,x28,33.71741074177918,16.858834003888084
12,MG1,s29b,x29,0.0,0.0
12,MG1,s30c,x30,35.20012759840215,17.600035181408344
12,MG1,s31c,x31,8.800030401300196,4.400006648255661
12,MG1,s32c,x32,8.800030433534847,4.400006682234795
12,MG1,s33a,x33,34.0882662727219,17.044263051342757
12,FEEDER,s34c,x34,22.430569682834054,11.215255941401153
12,FEEDER,s52a,x52,23.51997435383119,11.760082631363293
12,FEEDER,s53a,x53,23.519971313154908,11.760090474698082
12,FEEDER,s55a,x55,10.930052573478278,5.465077113406859
12,FEEDER,s56b,x56,11.759907148953335,5.879818319330611
12,FEEDER,s58b,x58,11.639629580533095,5.819675500994923
12,FEEDER,s59b,x59,11.75988669788801,5.879791721197403
12,FEEDER,s60a,x60,11.759980349245387,5.880065382774227
12,FEEDER,s62c,x62,21.923759466118558,10.961800887612863
12,FEEDER,s63a,x63,23.51996077434536,11.76013199409049
12,FEEDER,s64b,x64,43.08388362023231,20.105232243419977
12,FEEDER,s65a,x65,13.36160675946171,1.166006718305463
12,FEEDER,s65b,x65,13.606954592911832,1.3411701074606706
12,FEEDER,s65c,x65,27.50239981420026,2.888671291802195
12,FEEDER,s66c,x66,44.10027891218806,20.579991023013648
12,FEEDER,s68a,x68,11.847545240875172,5.923853188231687
12,FEEDER,s69a,x69,23.649281568045932,11.824801683382033
12,FEEDER,s70a,x70,11.808419770935416,5.904290251472711
12,FEEDER,s71a,x71,23.598551457489318,11.7994363664313
12,MG2,s73c,x73,35.5750637593555,17.787390553311003
12,MG2,s74c,x74,38.975115235045635,19.487403211476597
12,MG2,s75c,x75,35.40673157578867,17.703225082701522
12,MG2,s76a,x76,69.98021764644125,4.29723897604569
12,MG2,s76b,x76,43.82708493427335,2.889895801186304
12,MG2,s76c,x76,44.814880706795435,4.913261636647923
12,MG2,s77b,x77,35.199502332243725,17.59916576582753
12,MG2,s79a,x79,38.73682081652183,19.368683383875187
12,MG2,s80b,x80,35.19949605381904,17.59915615547789
12,MG2,s82a,x82,35.51667751894344,17.758596620673963
12,MG2,s83a,x83,0.0,0.0
12,MG2,s84c,x84,17.91905640700716,8.959451621722286
12,MG2,s85c,x85,35.76702538566195,17.883359788754674
12,MG2,s86b,x86,17.599745274051042,8.79958600971225
12,MG2,s87b,x87,35.199480137367466,17.59915455144449
12,MG2,s88a,x88,35.199945733997325,17.60023951266701
12,MG2,s90b,x90,34.10099422136269,17.04997488663992
12,MG2,s92c,x92,35.98499355842681,17.992332110631246
12,MG2,s94a,x94,35.199945157337865,17.600245236331713
12,MG2,s95b,x95,17.599734776421236,8.799567995146184
12,MG2,s96b,x96,17.599733677463988,8.79956689771998
12,FEEDER,s98a,x98,23.668738595226817,11.834536818534701
12,FEEDER,s99b,x99,23.519697616806464,11.759468812818376
12,FEEDER,s100c,x100,26.436704588464206,13.21824551058182
12,MG3,add44,44,999.9981169157909,299.9969344461466
12,MG4,add108,108,998.1469291229469,299.4404227626203
13,FEEDER,s1a,x1,23.296077109170458,11.648110432168778
13,FEEDER,s2b,x2,11.648076572217628,5.824186974032132
13,FEEDER,s4c,x4,23.296034408369387,11.648167187447793
13,FEEDER,s5c,x5,11.516838701585707,5.758488247289498
13,FEEDER,s6c,x6,22.76281193727003,11.381535011727008
13,FEEDER,s7a,x7,11.648049457220052,5.824053662528795
13,FEEDER,s9a,x9,23.296115090566904,11.648106645660143
13,FEEDER,s10a,x10,11.346677890036288,5.673356428963951
13,FEEDER,s11a,x11,22.111521023068914,11.055784779950933
13,FEEDER,s12b,x12,11.64810467881584,5.824229014609933
13,FEEDER,s16c,x16,23.296010512218235,11.648218117335485
13,FEEDER,s17c,x17,11.648004706357769,5.824108495617744
13,FEEDER,s19a,x19,23.296143333859394,11.648130789866359
13,FEEDER,s20a,x20,22.458003507197578,11.229043691030984
13,MG1,s22b,x22,32.807540460766916,16.404295505857363
13,MG1,s24c,x24,34.00012642460565,17.000471272881732
13,MG1,s28a,x28,32.613887756808545,16.307021032165352
13,MG1,s29b,x29,0.0,0.0
13,MG1,s30c,x30,34.00012760509474,17.000480891237995
13,MG1,s31c,x31,8.500012510767048,4.250095017305037
13,MG1,s32c,x32,8.500012800278537,4.250095309594546
13,MG1,s33a,x33,32.97440060503901,16.487281737205027
13,FEEDER,s34c,x34,22.259303075322375,11.129833642677397
13,FEEDER,s52a,x52,23.29615681773294,11.648078938648915
13,FEEDER,s53a,x53,23.296167569070185,11.64806727531647
13,FEEDER,s55a,x55,10.843907685875159,5.421926916286963
13,FEEDER,s56b,x56,11.648144110977155,5.824290049890499
13,FEEDER,s58b,x58,11.538301548571573,5.769377403203567
13,FEEDER,s59b,x59,11.648177054600122,5.824334698394485
13,FEEDER,s60a,x60,11.648108270471731,5.8240016627810105
13,FEEDER,s62c,x62,21.76273188050651,10.881609250484242
13,FEEDER,s63a,x63,23.296219090137843,11.648004404927796
13,FEEDER,s64b,x64,42.714844189111815,19.9345486162861
13,FEEDER,s65a,x65,13.262620908603065,1.1588076914879484
13,FEEDER,s65b,x65,13.501050046220934,1.3292150645555927
13,FEEDER,s65c,x65,27.29578475153623,2.8679301683897065
13,FEEDER,s66c,x66,43.679790396117546,20.384404258607603
13,FEEDER,s68a,x68,11.756418236744452,5.8781268345328925
13,FEEDER,s69a,x69,23.467802983035654,11.733737326320007
13,FEEDER,s70a,x70,11.717954870682897,5.858895495231902
13,FEEDER,s71a,x71,23.4179308924218,11.708801726634775
13,MG2,s73c,x73,34.47098763316423,17.23589852889662
13,MG2,s74c,x74,37.77349328088001,18.887187799809876
13,MG2,s75c,x75,34.31330825222305,17.157057209319618
13,MG2,s76a,x76,67.69007990383366,4.165525630217642
13,MG2,s76b,x76,42.389979058942906,2.7937145446022322
13,MG2,s76c,x76,43.39634740135853,4.754820864230951
13,MG2,s77b,x77,34.00077194971684,17.001335592843006
13,MG2,s79a,x79,37.525489753111906,18.76246082365397
13,MG2,s80b,x80,34.000781590417226,17.00135094136788
13,MG2,s82a,x82,34.40260952587949,17.20103939526537
13,MG2,s83a,x83,0.0,0.0
13,MG2,s84c,x84,17.364461660445876,8.682442103619175
13,MG2,s85c,x85,34.66233314244662,17.331588444132414
13,MG2,s86b,x86,17.000392890617995,8.50066510197558
13,MG2,s87b,x87,34.00079858724086,17.001356671692538
13,MG2,s88a,x88,34.050535096353556,17.025000400702595
13,MG2,s90b,x90,32.99038017324319,16.49604964337448
13,MG2,s92c,x92,34.85955544927006,17.430202793799328
13,MG2,s94a,x94,34.00040496676433,17.000028197631575
13,MG2,s95b,x95,17.00040528194885,8.500692347597589
13,MG2,s96b,x96,17.000407127266236,8.500694184273447
13,FEEDER,s98a,x98,23.487602596299723,11.743627250262247
13,FEEDER,s99b,x99,23.29647470018772,11.648863934491713
13,FEEDER,s100c,x100,26.24341080401194,13.12201499187174
13,MG3,add44,44,980.0064513567933,294.01056068167196
13,MG4,add108,108,979.0964133936657,293.7376074587304
14,FEEDER,s1a,x1,22.84805741623655,11.424093529449314
14,FEEDER,s2b,x2,11.424052460428767,5.712131556737217
14,FEEDER,s4c,x4,22.84803780038796,11.424148542895903
14,FEEDER,s5c,x5,11.305038838092035,5.652578509589417
14,FEEDER,s6c,x6,22.363106002315398,11.181663175905436
14,FEEDER,s7a,x7,11.424035997841107,5.71204663535087
14,FEEDER,s9a,x9,22.848083187537114,11.424094414241758
14,FEEDER,s10a,x10,11.137902872326928,5.568971548878912
14,FEEDER,s11a,x11,21.722557049674148,10.86130942030679
14,FEEDER,s12b,x12,11.424071594537029,5.712159649033357
14,FEEDER,s16c,x16,22.84802898114235,11.424195037814277
14,FEEDER,s17c,x17,11.424013949561793,5.712096960680106
14,FEEDER,s19a,x19,22.848099034109264,11.424117226778112
14,FEEDER,s20a,x20,22.045660211302,11.0228827045873
14,MG1,s22b,x22,31.718040105444558,15.859375390818265
14,MG1,s24c,x24,32.800134685343906,16.40040852740154
14,MG1,s28a,x28,31.50266462021293,15.751420161660556
14,MG1,s29b,x29,0.0,0.0
14,MG1,s30c,x30,32.80013571044941,16.400416928382576
14,MG1,s31c,x31,8.200017747765983,4.100083168108222
14,MG1,s32c,x32,8.200017991355745,4.100083412903767
14,MG1,s33a,x33,31.85261766740963,15.926400435195838
14,FEEDER,s34c,x34,21.87314855782224,10.936726614033875
14,FEEDER,s52a,x52,22.848110896496408,11.424075566790794
14,FEEDER,s53a,x53,22.84811828757132,11.424067003169434
14,FEEDER,s55a,x55,10.65200553790785,5.325991034631042
14,FEEDER,s56b,x56,11.424098510395915,5.7122020143782235
14,FEEDER,s58b,x58,11.323561072488905,5.661939940639192
14,FEEDER,s59b,x59,11.424121598889595,5.712233807361862
14,FEEDER,s60a,x60,11.424075618270267,5.71200956893886
14,FEEDER,s62c,x62,21.38938102618419,10.694883405210891
14,FEEDER,s63a,x63,22.848153229483106,11.424020436425916
14,FEEDER,s64b,x64,41.92557596138854,19.565942165275832
14,FEEDER,s65a,x65,13.033112914958227,1.140386916522118
14,FEEDER,s65b,x65,13.260994716013684,1.30323428855732
14,FEEDER,s65c,x65,26.820058913219867,2.8191959357524627
14,FEEDER,s66c,x66,42.83990112512174,19.992359971281097
14,FEEDER,s68a,x68,11.549398252444778,5.774647717718533
14,FEEDER,s69a,x69,23.055388029347952,11.527591473558081
14,FEEDER,s70a,x70,11.512322461458812,5.756110057807138
14,FEEDER,s71a,x71,23.0073141901728,11.503554859302698
14,MG2,s73c,x73,33.34726600210246,16.673947643944324
14,MG2,s74c,x74,36.549840344750585,18.27526243546764
14,MG2,s75c,x75,33.199984279713185,16.600305615225516
14,MG2,s76a,x76,65.37788255999571,4.033142354395073
14,MG2,s76b,x76,40.93832595609103,2.6951899836138193
14,MG2,s76c,x76,41.94746687207131,4.592389046965814
14,MG2,s77b,x77,32.800519509885845,16.40091674067836
14,MG2,s79a,x79,36.29093629983931,18.14529043451087
14,MG2,s80b,x80,32.8005259919525,16.40092699782802
14,MG2,s82a,x82,33.26749752831573,16.633583318994507
14,MG2,s83a,x83,0.0,0.0
14,MG2,s84c,x84,16.79967689747881,8.40000218456848
14,MG2,s85c,x85,33.53715393444894,16.768903969145295
14,MG2,s86b,x86,16.400264428438046,8.200457407754419
14,MG2,s87b,x87,32.800539316018416,16.400932975573433
14,MG2,s88a,x88,32.92260833157329,16.461128446575902
14,MG2,s90b,x90,31.862211671303037,15.931704652630374
14,MG2,s92c,x92,33.71277998264123,16.856723688527662
14,MG2,s94a,x94,32.83432306278417,16.416983266961985
14,MG2,s95b,x95,16.400275036430084,8.200476071332861
14,MG2,s96b,x96,16.40027628139672,8.200477308526848
14,FEEDER,s98a,x98,23.075189252884087,11.53748551192238
14,FEEDER,s99b,x99,22.848325856076645,11.42460467349107
14,FEEDER,s100c,x100,25.79322679948306,12.896857024796958
14,MG3,add44,44,960.0047902927872,288.008156190959
14,MG4,add108,108,949.5793718315609,284.88029003327506
15,FEEDER,s1a,x1,22.400010459480356,11.200081303587533
15,FEEDER,s2b,x2,11.199928535422723,5.599806690271119
15,FEEDER,s4c,x4,22.400044402138647,11.200013584232572
15,FEEDER,s5c,x5,11.085601432889009,5.542795228269934
15,FEEDER,s6c,x6,21.933527719915833,10.966751265822825
15,FEEDER,s7a,x7,11.199999115277336,5.600056394817543
15,FEEDER,s9a,x9,22.39999038047702,11.200134421232693
15,FEEDER,s10a,x10,10.923677199871902,5.461904427339395
15,FEEDER,s11a,x11,21.31265928541744,10.656455137931863
15,FEEDER,s12b,x12,11.199895487064538,5.599754750879492
15,FEEDER,s16c,x16,22.40012419228783,11.200021336010341
15,FEEDER,s17c,x17,11.200061909014519,5.600010470890471
15,FEEDER,s19a,x19,22.399974453598436,11.200195862790963
15,FEEDER,s20a,x20,21.625860878381605,10.813125577313182
15,MG1,s22b,x22,32.457444344367396,16.22809327601485
15,MG1,s24c,x24,33.600216188311634,16.800043014056232
15,MG1,s28a,x28,32.273335461108246,16.136959639971632
15,MG1,s29b,x29,0.0,0.0
15,MG1,s30c,x30,33.60022366365339,16.800053240157407
15,MG1,s31c,x31,8.400053920500522,4.2000105003744235
15,MG1,s32c,x32,8.400053975556432,4.2000105535996
15,MG1,s33a,x33,32.628896391095466,16.314743742315034
15,FEEDER,s34c,x34,21.449506702890833,10.724706315725653
15,FEEDER,s52a,x52,22.399959356442256,11.20018891986219
15,FEEDER,s53a,x53,22.399950621175726,11.200200921811863
15,FEEDER,s55a,x55,10.444320909997499,5.222268379250262
15,FEEDER,s56b,x56,11.199847985448411,5.599677522756669
15,FEEDER,s58b,x58,11.095070210382334,5.547276668392905
15,FEEDER,s59b,x59,11.199817071603485,5.5996321888362
15,FEEDER,s60a,x60,11.199956492561796,5.6001306523884145
15,FEEDER,s62c,x62,20.955239280620823,10.477498512092199
15,FEEDER,s63a,x63,22.39991302991363,11.20026308454646
15,FEEDER,s64b,x64,41.06950768797698,19.16467282070906
15,FEEDER,s65a,x65,12.767533019616138,1.118285470252729
15,FEEDER,s65b,x65,12.986995889645351,1.274874819810098
15,FEEDER,s65c,x65,26.269002769831793,2.760949772608712
15,FEEDER,s66c,x66,42.00050082256106,19.600018988083715
15,FEEDER,s68a,x68,11.316075699677134,5.658202333025614
15,FEEDER,s69a,x69,22.590435531633535,11.295546285452685
15,FEEDER,s70a,x70,11.280445243171314,5.640386723094796
15,FEEDER,s71a,x71,22.54423490470204,11.272445476822845
15,MG2,s73c,x73,34.08528834309081,17.042428879360262
15,MG2,s74c,x74,37.35347810714916,18.676502299845666
15,MG2,s75c,x75,33.93116354418601,16.965367436148757
15,MG2,s76a,x76,66.90241439220982,4.1333423962771265
15,MG2,s76b,x76,41.889466948430176,2.7544562428866284
15,MG2,s76c,x76,42.87040928143524,4.691463149385283
15,MG2,s77b,x77,33.59916871238558,16.798467661268404
15,MG2,s79a,x79,37.103463496259515,18.552288260212233
15,MG2,s80b,x80,33.59915758315107,16.798450432803058
15,MG2,s82a,x82,34.01469212072474,17.007870733881965
15,MG2,s83a,x83,0.0,0.0
15,MG2,s84c,x84,17.169868481712356,8.584816866956375
15,MG2,s85c,x85,34.274650368039374,17.137090866104316
15,MG2,s86b,x86,16.799570238109865,8.39922270903949
15,MG2,s87b,x87,33.59912256269056,16.798413305661043
15,MG2,s88a,x88,33.64938276575643,16.8252118541339
15,MG2,s90b,x90,32.57116105881564,16.28455166741252
15,MG2,s92c,x92,34.454334720700274,17.226920017324314
15,MG2,s94a,x94,33.599829194149905,16.800435684006416
15,MG2,s95b,x95,16.799552118323305,8.399189573199765
15,MG2,s96b,x96,16.799550018718755,8.399187433213681
15,FEEDER,s98a,x98,22.609557530834028,11.305117722270271
15,FEEDER,s99b,x99,22.39950810844306,11.19904276165303
15,FEEDER,s100c,x100,25.264707142120358,12.632190136235648
15,MG3,add44,44,939.9973434241607,281.9956480809986
15,MG4,add108,108,928.5022451761962,278.5446692780188
16,FEEDER,s1a,x1,23.74388180393116,11.871763723127472
16,FEEDER,s2b,x2,11.871937675127809,5.935805423762253
16,FEEDER,s4c,x4,23.744004120058147,11.871952841126447
16,FEEDER,s5c,x5,11.706899006580347,5.853427144964206
16,FEEDER,s6c,x6,23.077780169362555,11.538848390860837
16,FEEDER,s7a,x7,11.871921204515003,5.935871839273215
16,FEEDER,s9a,x9,23.743814504794013,11.87172861803704
16,FEEDER,s10a,x10,11.517730068061521,5.75878508366663
16,FEEDER,s11a,x11,22.35589408081334,11.17780228615415
16,FEEDER,s12b,x12,11.871921888519516,5.935758227398355
16,FEEDER,s16c,x16,23.744043591714487,11.871968952347311
16,FEEDER,s17c,x17,11.872021976443248,5.9359846607702815
16,FEEDER,s19a,x19,23.743750279646942,11.871667788079392
16,FEEDER,s20a,x20,22.784793616464064,11.392214619266294
16,MG1,s22b,x22,34.46602244931119,17.232355145449393
16,MG1,s24c,x24,36.000024593319125,17.999924815932847
16,MG1,s28a,x28,34.35008800996748,17.17475619438295
16,MG1,s29b,x29,0.0,0.0
16,MG1,s30c,x30,36.000023746998274,17.99992322595601
16,MG1,s31c,x31,9.000012648138632,4.4999892730793105
16,MG1,s32c,x32,9.000012555489215,4.499989181697143
16,MG1,s33a,x33,34.72452765297506,17.361969271146716
16,FEEDER,s34c,x34,22.521831105587793,11.260870852307262
16,FEEDER,s52a,x52,23.74373887397906,11.87170436456566
16,FEEDER,s53a,x53,23.743720035923435,11.871702063002646
16,FEEDER,s55a,x55,10.920977605629355,5.460434428301193
16,FEEDER,s56b,x56,11.871900758897267,5.93568714854514
16,FEEDER,s58b,x58,11.704639350503676,5.85204323132918
16,FEEDER,s59b,x59,11.87187344112839,5.935640154287673
16,FEEDER,s60a,x60,11.871813195944625,5.935841356440844
16,FEEDER,s62c,x62,21.932000827027355,10.965942714191026
16,FEEDER,s63a,x63,23.743622327713638,11.871681700475827
16,FEEDER,s64b,x64,43.26225800860197,20.187873246458324
16,FEEDER,s65a,x65,13.335938220675649,1.1598880432991236
16,FEEDER,s65b,x65,13.579591726839668,1.3339088590296906
16,FEEDER,s65c,x65,27.489548117087537,2.9040892993947165
16,FEEDER,s66c,x66,44.520307586050876,20.776034059130733
16,FEEDER,s68a,x68,11.871805460553649,5.9358426011676935
16,FEEDER,s69a,x69,23.743605180110784,11.871679085688815
16,FEEDER,s70a,x70,11.87180053336468,5.935837350039217
16,FEEDER,s71a,x71,23.74359873687352,11.871672214841347
16,MG2,s73c,x73,36.00790792599987,18.003854163660073
16,MG2,s74c,x74,39.443499155863975,19.721642127012583
16,MG2,s75c,x75,36.000282781040134,18.00005141538322
16,MG2,s76a,x76,71.14206588433927,4.361732243114868
16,MG2,s76b,x76,44.518474163413224,2.9128256828848755
16,MG2,s76c,x76,45.35217796504572,4.998797209836506
16,MG2,s77b,x77,35.9994056564055,17.998502378341996
16,MG2,s79a,x79,39.04189457399027,19.52082698007956
16,MG2,s80b,x80,35.99940076466117,17.99848688846737
16,MG2,s82a,x82,35.99934312856238,17.999460268542425
16,MG2,s83a,x83,0.0,0.0
16,MG2,s84c,x84,18.13392661214658,9.066913052314234
16,MG2,s85c,x85,36.1943155403006,18.097057366091093
16,MG2,s86b,x86,17.99969630406615,8.999242100630108
16,MG2,s87b,x87,35.99938351932842,17.998458979233277
16,MG2,s88a,x88,35.999322781322455,17.99944111057844
16,MG2,s90b,x90,34.620029401682594,17.30889889921337
16,MG2,s92c,x92,36.39945655459001,18.199626931128673
16,MG2,s94a,x94,35.99930889067761,17.999429034201064
16,MG2,s95b,x95,17.999686236091073,8.999215848207147
16,MG2,s96b,x96,17.99968443554502,8.999214093476501
16,FEEDER,s98a,x98,23.74360849618348,11.871693171918869
16,FEEDER,s99b,x99,23.743655456900427,11.871064110822205
16,FEEDER,s100c,x100,26.432914268347954,13.216382344564039
16,MG3,add44,44,919.9943947527104,275.99012574729085
16,MG4,add108,108,910.1009834818128,273.02048381427346
17,FEEDER,s1a,x1,25.759882720927656,12.879673814583898
17,FEEDER,s2b,x2,12.880005829807766,6.43999127590701
17,FEEDER,s4c,x4,25.759992474589797,12.880005439497165
17,FEEDER,s5c,x5,12.628554550353948,6.314282225752815
17,FEEDER,s6c,x6,24.75564052718862,12.37783048375286
17,FEEDER,s7a,x7,12.879926758197973,6.439810216094211
17,FEEDER,s9a,x9,25.759833008180866,12.879583211173951
17,FEEDER,s10a,x10,12.393190989558516,6.196440643203805
17,FEEDER,s11a,x11,23.863864970617684,11.931643195833043
17,FEEDER,s12b,x12,12.880023412260954,6.439992525072103
17,FEEDER,s16c,x16,25.759968990059782,12.880041191835945
17,FEEDER,s17c,x17,12.879984542890364,6.440020648636515
17,FEEDER,s19a,x19,25.759786650601892,12.87949021702003
17,FEEDER,s20a,x20,24.488713222750988,12.243987046535345
17,MG1,s22b,x22,37.05729829022316,18.52857630228483
17,MG1,s24c,x24,39.12598678361278,19.563106200085635
17,MG1,s28a,x28,36.83232001156051,18.415628689840705
17,MG1,s29b,x29,0.0,0.0
17,MG1,s30c,x30,39.10742771619724,19.553826186082745
17,MG1,s31c,x31,9.799984794451207,4.900020125610704
17,MG1,s32c,x32,9.799984773588683,4.9000201025039125
17,MG1,s33a,x33,37.432899704874174,18.715875486738987
17,FEEDER,s34c,x34,24.086734509518774,12.043422009052483
17,FEEDER,s52a,x52,25.759778369368863,12.879477595624273
17,FEEDER,s53a,x53,25.72524919028279,12.86222743630682
17,FEEDER,s55a,x55,11.603529975954203,5.801578853162562
17,FEEDER,s56b,x56,12.880052801407226,6.439995670410438
17,FEEDER,s58b,x58,12.614007033196657,6.306970001568729
17,FEEDER,s59b,x59,12.880058676948497,6.4399947088779
17,FEEDER,s60a,x60,12.583404753905732,6.291453728985513
17,FEEDER,s62c,x62,23.34537316026733,11.672818375267871
17,FEEDER,s63a,x63,25.12510575924068,12.56205678360024
17,FEEDER,s64b,x64,46.532405068146126,21.714975575429463
17,FEEDER,s65a,x65,14.155294643864702,1.216966501625455
17,FEEDER,s65b,x65,14.437804857149617,1.4189463749213933
17,FEEDER,s65c,x65,29.271731873888733,3.1207103654255697
17,FEEDER,s66c,x66,47.95087425940567,22.377338202030078
17,FEEDER,s68a,x68,12.879837704655175,6.4396265094339515
17,FEEDER,s69a,x69,25.759670118588502,12.87924748154488
17,FEEDER,s70a,x70,12.879833171754042,6.439621765232696
17,FEEDER,s71a,x71,25.759664208348173,12.879241295068782
17,MG2,s73c,x73,39.19986728664453,19.600177199961013
17,MG2,s74c,x74,42.04129293661988,21.020911542860393
17,MG2,s75c,x75,39.19986611100806,19.600175867039464
17,MG2,s76a,x76,76.61491940872692,4.635151625025388
17,MG2,s76b,x76,47.898667178178485,3.1094720805610003
17,MG2,s76c,x76,48.906060298566096,5.456210907915385
17,MG2,s77b,x77,39.20024147748968,19.59997567067383
17,MG2,s79a,x79,41.37045372356786,20.684344519168455
17,MG2,s80b,x80,39.20024669187775,19.59997460958874
17,MG2,s82a,x82,39.1994468214578,19.59877847477772
17,MG2,s83a,x83,0.0,0.0
17,MG2,s84c,x84,19.599930055368816,9.800095013239936
17,MG2,s85c,x85,39.19985936403944,19.600189196443704
17,MG2,s86b,x86,19.600122283053473,9.799987966267857
17,MG2,s87b,x87,39.20024919709754,19.599975803819103
17,MG2,s88a,x88,39.199437544713334,19.598765810825398
17,MG2,s90b,x90,37.29743199296199,18.6485769378498
17,MG2,s92c,x92,39.199859274408716,19.60019374755666
17,MG2,s94a,x94,39.199428611584835,19.59875215463995
17,MG2,s95b,x95,19.58272018591726,9.791287556291977
17,MG2,s96b,x96,19.571087849265936,9.7854714521119
17,FEEDER,s98a,x98,25.759673649645826,12.87923936285626
17,FEEDER,s99b,x99,25.76016472967646,12.879990538573022
17,FEEDER,s100c,x100,28.119342191565153,14.059855687273707
17,MG3,add44,44,949.9975434853227,284.99517254512585
17,MG4,add108,108,933.0549880226497,279.9111927209385
18,FEEDER,s1a,x1,26.8799999999795,13.439999999988768
18,FEEDER,s2b,x2,13.44000000001463,6.720000000009845
18,FEEDER,s4c,x4,26.87999999997941,13.439999999988451
18,FEEDER,s5c,x5,13.483375538006966,6.741687769003161
18,FEEDER,s6c,x6,27.027586164942207,13.51379308247107
18,FEEDER,s7a,x7,13.43999999998964,6.719999999995226
18,FEEDER,s9a,x9,26.879999999979134,13.439999999991583
18,FEEDER,s10a,x10,13.318979072286284,6.6594895361440996
18,FEEDER,s11a,x11,26.392925582314252,13.196462791158924
18,FEEDER,s12b,x12,13.440000000014004,6.720000000009265
18,FEEDER,s16c,x16,26.879999999982655,13.439999999987498
18,FEEDER,s17c,x17,13.439999999991347,6.719999999993769
18,FEEDER,s19a,x19,26.879999999978914,13.439999999993317
18,FEEDER,s20a,x20,26.554825808733128,13.277412904370278
18,MG1,s22b,x22,39.76148803447355,19.880744017236488
18,MG1,s24c,x24,42.000000000026354,20.999999999994436
18,MG1,s28a,x28,40.65732004606593,20.328660023034097
18,MG1,s29b,x29,0.0,0.0
18,MG1,s30c,x30,42.00000000002337,20.999999999996263
18,MG1,s31c,x31,10.500000000006668,5.24999999999872
18,MG1,s32c,x32,10.500000000006663,5.249999999998716
18,MG1,s33a,x33,41.0829786024931,20.5414893012481
18,FEEDER,s34c,x34,26.879322624721922,13.439661312358433
18,FEEDER,s52a,x52,26.87999999997858,13.439999999995514
18,FEEDER,s53a,x53,26.879999999978413,13.439999999996635
18,FEEDER,s55a,x55,13.063537565444252,6.531768782726004
18,FEEDER,s56b,x56,13.44000000001289,6.720000000008262
18,FEEDER,s58b,x58,13.686552744276385,6.843276372139893
18,FEEDER,s59b,x59,13.440000000012475,6.720000000007805
18,FEEDER,s60a,x60,13.439999999988734,6.720000000001683
18,FEEDER,s62c,x62,26.51724030851435,13.258620154249588
18,FEEDER,s63a,x63,26.87999999997757,13.440000000003366
18,FEEDER,s64b,x64,50.86728594113184,23.738066772533237
18,FEEDER,s65a,x65,16.229834152799192,1.4662908740109433
18,FEEDER,s65b,x65,16.44920670085876,1.622985551198104
18,FEEDER,s65c,x65,33.06957274808538,3.368227778330116
18,FEEDER,s66c,x66,50.399999999979904,23.519999999974097
18,FEEDER,s68a,x68,14.179267512934109,7.089633756474609
18,FEEDER,s69a,x69,28.296064649539446,14.148032324784792
18,FEEDER,s70a,x70,14.12591533269627,7.062957666355654
18,FEEDER,s71a,x71,28.226897813560377,14.113448906795204
18,MG2,s73c,x73,41.99999497879677,20.999991810644826
18,MG2,s74c,x74,40.15743603645968,20.078714538515207
18,MG2,s75c,x75,41.99999445598066,20.999991258419897
18,MG2,s76a,x76,77.94255890325425,3.27515407770202
18,MG2,s76b,x76,51.22207155257161,4.961816410307663
18,MG2,s76c,x76,51.323770802344555,5.039098801047929
18,MG2,s77b,x77,41.99999447134801,20.999991748992958
18,MG2,s79a,x79,40.84214275945679,20.421069937303713
18,MG2,s80b,x80,41.99999432565177,20.999991608635924
18,MG2,s82a,x82,41.999996254239754,20.999994834732743
18,MG2,s83a,x83,0.0,0.0
18,MG2,s84c,x84,20.9999974082544,10.499995799151714
18,MG2,s85c,x85,41.99999449863238,20.999991260210454
18,MG2,s86b,x86,20.999996677441843,10.499995431658602
18,MG2,s87b,x87,41.99999301537294,20.9999906036834
18,MG2,s88a,x88,41.99999518566134,20.99999437931536
18,MG2,s90b,x90,41.02174008586359,20.510866008878796
18,MG2,s92c,x92,41.99999518807054,20.99999241803079
18,MG2,s94a,x94,41.99999485085618,20.999994220300508
18,MG2,s95b,x95,20.999996278214798,10.499995212676954
18,MG2,s96b,x96,20.99999623558108,10.49999516712435
18,FEEDER,s98a,x98,28.39973863852252,14.199869319276383
18,FEEDER,s99b,x99,26.880000000023628,13.440000000014312
18,FEEDER,s100c,x100,32.10612070411805,16.053060352049865
18,MG3,add44,44,999.9999999999976,299.99999999999477
18,MG4,add108,108,970.000000000001,290.99999999999915
19,FEEDER,s1a,x1,25.98373954200456,12.99144959724803
19,FEEDER,s2b,x2,12.991962993027153,6.49580473860552
19,FEEDER,s4c,x4,25.98433460001799,12.99297045264199
19,FEEDER,s5c,x5,12.681800284975484,6.3412815118777255
19,FEEDER,s6c,x6,24.7521956241198,12.37682421025315
19,FEEDER,s7a,x7,12.991810086812722,6.495682407672035
19,FEEDER,s9a,x9,25.983538380973723,12.991304843175174
19,FEEDER,s10a,x10,12.42875846825172,6.214165485924286
19,FEEDER,s11a,x11,23.798254231316335,11.898731687214143
19,FEEDER,s12b,x12,12.991995693691377,6.495725844089567
19,FEEDER,s16c,x16,25.984569454721722,12.993477722167613
19,FEEDER,s17c,x17,12.992283315871882,6.496737520338809
19,FEEDER,s19a,x19,25.65282296659849,12.825961781007399
19,FEEDER,s20a,x20,24.384217238861652,12.191679327193475
19,MG1,s22b,x22,40.282686865476556,20.140262584674378
19,MG1,s24c,x24,42.326176703266604,21.165017445544706
19,MG1,s28a,x28,39.88047501122495,19.939544728259207
19,MG1,s29b,x29,0.0,0.0
19,MG1,s30c,x30,42.30901327898656,21.15642034499364
19,MG1,s31c,x31,10.71443602271745,5.357707609989964
19,MG1,s32c,x32,10.709103438619328,5.355041017048589
19,MG1,s33a,x33,40.724744092523856,20.361663398961145
19,FEEDER,s34c,x34,24.005263625604545,12.003669170501045
19,FEEDER,s52a,x52,25.701394268126048,12.850226304172287
19,FEEDER,s53a,x53,25.54260631356386,12.770820378968832
19,FEEDER,s55a,x55,11.525151759245848,5.762351828360638
19,FEEDER,s56b,x56,12.992076685509227,6.495618337780515
19,FEEDER,s58b,x58,12.646029068312215,6.322558390419002
19,FEEDER,s59b,x59,12.992081632631471,6.495554317247546
19,FEEDER,s60a,x60,12.444325889268896,6.221870890421222
19,FEEDER,s62c,x62,23.15099535311017,11.577114595200982
19,FEEDER,s63a,x63,24.847141477096574,12.422988347488277
19,FEEDER,s64b,x64,46.58702686608326,21.738562482319825
19,FEEDER,s65a,x65,14.021315138176886,1.193736293423035
19,FEEDER,s65b,x65,14.323428140523998,1.4099134181733513
19,FEEDER,s65c,x65,29.064324863766405,3.1189054999152814
19,FEEDER,s66c,x66,47.50465136720433,22.172036739691023
19,FEEDER,s68a,x68,12.991378101754028,6.495322846448387
19,FEEDER,s69a,x69,25.98274573416051,12.990635056707433
19,FEEDER,s70a,x70,12.991369137812406,6.495313737209799
19,FEEDER,s71a,x71,25.982734059427457,12.990623185844411
19,MG2,s73c,x73,43.2017879737348,21.60450727155361
19,MG2,s74c,x74,45.30275320145834,22.65479022761243
19,MG2,s75c,x75,43.20184849907279,21.604569404791736
19,MG2,s76a,x76,83.52735047841995,4.989686712999479
19,MG2,s76b,x76,52.2051948816162,3.383437839908499
19,MG2,s76c,x76,53.382744900671824,6.00351959420212
19,MG2,s77b,x77,42.70208952249867,21.348976758232283
19,MG2,s79a,x79,44.520883649049864,22.259326472830022
19,MG2,s80b,x80,42.863295863024334,21.429532971481102
19,MG2,s82a,x82,43.19769675726799,21.5975370481687
19,MG2,s83a,x83,0.0,0.0
19,MG2,s84c,x84,21.60094975169459,10.802361538560984
19,MG2,s85c,x85,43.20193870880863,21.604763864222853
19,MG2,s86b,x86,21.208760445920376,10.603353455215036
19,MG2,s87b,x87,42.32009967190746,21.15798646374223
19,MG2,s88a,x88,43.19772598512843,21.597506407153404
19,MG2,s90b,x90,40.27342236598274,20.13472474070154
19,MG2,s92c,x92,43.20180591143099,21.604624712278905
19,MG2,s94a,x94,43.19769331128606,21.59747461272303
19,MG2,s95b,x95,21.09593890389414,10.54693376927835
19,MG2,s96b,x96,21.08217287042009,10.540051603584827
19,FEEDER,s98a,x98,25.98272649712823,12.990614539629279
19,FEEDER,s99b,x99,25.98431978769272,12.990806233610273
19,FEEDER,s100c,x100,27.85827722852222,13.931273399947383
19,MG3,add44,44,980.0002931679621,294.00056161389205
19,MG4,add108,108,990.0005960742119,297.00008470126613
20,FEEDER,s1a,x1,24.192245805667568,12.09674111075197
20,FEEDER,s2b,x2,12.095978905682609,6.047984323582712
20,FEEDER,s4c,x4,24.192093659186675,12.096188895031721
20,FEEDER,s5c,x5,11.850835068963269,5.925482289997191
20,FEEDER,s6c,x6,23.214234983195187,11.607237347865723
20,FEEDER,s7a,x7,12.096148126514285,6.048431705277597
20,FEEDER,s9a,x9,24.192331886834847,12.096948421325655
20,FEEDER,s10a,x10,11.627682840205203,5.814205909846246
20,FEEDER,s11a,x11,22.36779408652427,11.184579694489889
20,FEEDER,s12b,x12,12.095939992988994,6.0479654745157045
20,FEEDER,s16c,x16,24.19220667178501,12.09620089181449
20,FEEDER,s17c,x17,12.096102728513806,6.048099838515485
20,FEEDER,s19a,x19,24.14546045110425,12.073611990850189
20,FEEDER,s20a,x20,22.944877577647226,11.473280795386819
20,MG1,s22b,x22,38.28493839582379,19.142444919849776
20,MG1,s24c,x24,40.38762119642048,20.193913043149443
20,MG1,s28a,x28,38.06978661957688,19.036288860833512
20,MG1,s29b,x29,0.0,0.0
20,MG1,s30c,x30,40.353713246322336,20.176958539115798
20,MG1,s31c,x31,10.20009839352103,5.100086656281554
20,MG1,s32c,x32,10.200097738370342,5.100085758580019
20,MG1,s33a,x33,38.824820409275624,19.413916478776468
20,FEEDER,s34c,x34,22.54846180471476,11.274296832321982
20,FEEDER,s52a,x52,24.19241993051504,12.097186076215552
20,FEEDER,s53a,x53,24.068252766434455,12.035086149940279
20,FEEDER,s55a,x55,10.854414190509637,5.4276578319979665
20,FEEDER,s56b,x56,12.09587278292621,6.047934293349441
20,FEEDER,s58b,x58,11.810325966331906,5.905161621497033
20,FEEDER,s59b,x59,12.095856245074826,6.047924939993179
20,FEEDER,s60a,x60,11.754177123955733,5.877700904895255
20,FEEDER,s62c,x62,21.811539263806896,10.905705204753666
20,FEEDER,s63a,x63,23.47174173258053,11.73709278757481
20,FEEDER,s64b,x64,43.55539747774755,20.32584404052474
20,FEEDER,s65a,x65,13.218995061797122,1.1372956884530745
20,FEEDER,s65b,x65,13.478659331427531,1.322347179836719
20,FEEDER,s65c,x65,27.341153781739784,2.919358911444935
20,FEEDER,s66c,x66,44.81936376728924,20.915565035241826
20,FEEDER,s68a,x68,12.096306065818775,6.048869899025867
20,FEEDER,s69a,x69,24.19262301136402,12.097751214886655
20,FEEDER,s70a,x70,12.096315387496501,6.048879680490136
20,FEEDER,s71a,x71,24.192635166059706,12.097763969535205
20,MG2,s73c,x73,40.80080378267695,20.400364648445702
20,MG2,s74c,x74,43.35350431574741,21.67658257454913
20,MG2,s75c,x75,40.80082742193743,20.400389987352813
20,MG2,s76a,x76,79.37831322675024,4.807066271748212
20,MG2,s76b,x76,49.62402411897284,3.219651980499031
20,MG2,s76c,x76,50.66778256730821,5.6545509793605415
20,MG2,s77b,x77,40.728685254735765,20.364338240934348
20,MG2,s79a,x79,42.67363630035002,21.33923328255865
20,MG2,s80b,x80,40.79931489313055,20.39962549329137
20,MG2,s82a,x82,40.801182166820084,20.403185672823863
20,MG2,s83a,x83,0.0,0.0
20,MG2,s84c,x84,20.400434865106437,10.200199241344134
20,MG2,s85c,x85,40.800885151360056,20.400415069541058
20,MG2,s86b,x86,20.233468247246144,10.116734352821485
20,MG2,s87b,x87,40.380565593850704,20.190286206106904
20,MG2,s88a,x88,40.801221023706255,20.403226822990693
20,MG2,s90b,x90,38.4191496788853,19.2095778741886
20,MG2,s92c,x92,40.80084730935381,20.40035852075512
20,MG2,s94a,x94,40.80124015662615,20.403261107450007
20,MG2,s95b,x95,20.132578569766263,10.066291230539912
20,MG2,s96b,x96,20.12014843943584,10.060076155322456
20,FEEDER,s98a,x98,24.192615931969844,12.097772193575688
20,FEEDER,s99b,x99,24.19159799570075,12.095788833322105
20,FEEDER,s100c,x100,26.25670217884852,13.128225423271708
20,MG3,add44,44,940.0068133131947,282.0136364309715
20,MG4,add108,108,950.7582837277366,285.24254174781834
21,FEEDER,s1a,x1,21.504294245451877,10.752802288343908
21,FEEDER,s2b,x2,10.752041083309978,5.376179240029501
21,FEEDER,s4c,x4,21.50406281408985,10.752191323772823
21,FEEDER,s5c,x5,10.61717525825233,5.308661271779588
21,FEEDER,s6c,x6,20.95884955246035,10.479562519629878
21,FEEDER,s7a,x7,10.752185252596808,5.376457855275423
21,FEEDER,s9a,x9,21.504424756791742,10.752995701535369
21,FEEDER,s10a,x10,10.450509553828674,5.22561850494292
21,FEEDER,s11a,x11,20.32014672292277,10.16075318161642
21,FEEDER,s12b,x12,10.752025933365491,5.376210348933039
21,FEEDER,s16c,x16,21.50410921567019,10.752186460528765
21,FEEDER,s17c,x17,10.75205400906447,5.376092623565567
21,FEEDER,s19a,x19,21.504542334228535,10.753243919533913
21,FEEDER,s20a,x20,20.673208768206727,10.337497901552783
21,MG1,s22b,x22,34.388128690263784,17.194758515519492
21,MG1,s24c,x24,36.00036824573567,18.000444092765964
21,MG1,s28a,x28,34.36768991739437,17.185378169839307
21,MG1,s29b,x29,0.0,0.0
21,MG1,s30c,x30,36.00036928093749,18.000448514577567
21,MG1,s31c,x31,9.00007139044881,4.500085027469808
21,MG1,s32c,x32,9.000071764361527,4.500085399464953
21,MG1,s33a,x33,34.74234029387324,17.372732994515854
21,FEEDER,s34c,x34,20.441855001580837,10.221028573680826
21,FEEDER,s52a,x52,21.50456655444682,10.753187213146468
21,FEEDER,s53a,x53,21.504601165238505,10.753226044424432
21,FEEDER,s55a,x55,9.915849609286266,4.958317192743538
21,FEEDER,s56b,x56,10.75200302202401,5.376264399620172
21,FEEDER,s58b,x58,10.589277010039511,5.294917053160008
21,FEEDER,s59b,x59,10.752017819617466,5.376304173616852
21,FEEDER,s60a,x60,10.752389458653802,5.376727694744241
21,FEEDER,s62c,x62,19.889744342007305,9.944900193188689
21,FEEDER,s63a,x63,21.504781085850148,10.75345181976316
21,FEEDER,s64b,x64,39.14295311333594,18.26790632145654
21,FEEDER,s65a,x65,12.092552152988748,1.0579421949564571
21,FEEDER,s65b,x65,12.297287364682333,1.203903119920871
21,FEEDER,s65c,x65,24.903503294148447,2.628520992440157
21,FEEDER,s66c,x66,40.32018127500691,18.816180947494367
21,FEEDER,s68a,x68,10.752402797360578,5.376753853211089
21,FEEDER,s69a,x69,21.50482028973238,10.753523557827787
21,FEEDER,s70a,x70,10.752415390656207,5.376767436620712
21,FEEDER,s71a,x71,21.504836715990137,10.753541275081137
21,MG2,s73c,x73,36.00018846230103,18.000208964555853
21,MG2,s74c,x74,39.38578400761997,19.69293019713156
21,MG2,s75c,x75,36.00020553772048,18.000228307155655
21,MG2,s76a,x76,71.07706033770505,4.393083877444486
21,MG2,s76b,x76,44.47879345024647,2.9102154669448383
21,MG2,s76c,x76,45.27767380952739,4.972239229138042
21,MG2,s77b,x77,36.000183686540005,18.001437825905402
21,MG2,s79a,x79,39.025020669022204,19.514331095069334
21,MG2,s80b,x80,36.00017678572114,18.001453421351254
21,MG2,s82a,x82,36.00158548278069,18.002849746314066
21,MG2,s83a,x83,0.0,0.0
21,MG2,s84c,x84,18.106211147914284,9.053102604215955
21,MG2,s85c,x85,36.1389968199371,18.069492797475657
21,MG2,s86b,x86,18.00008752234415,9.000726318982279
21,MG2,s87b,x87,36.0001680107273,18.001471017999098
21,MG2,s88a,x88,36.00162875177128,18.002908595401568
21,MG2,s90b,x90,34.5139510190479,17.258241981193834
21,MG2,s92c,x92,36.333146091384556,18.166545995498307
21,MG2,s94a,x94,36.00166284632042,18.00295494850598
21,MG2,s95b,x95,18.00008275473889,9.00074538971844
21,MG2,s96b,x96,18.000084260808784,9.000746733544997
21,FEEDER,s98a,x98,21.504801807320305,10.753498308630396
21,FEEDER,s99b,x99,21.5040639793975,10.752797341861134
21,FEEDER,s100c,x100,23.961827422572735,11.980932885124126
21,MG3,add44,44,880.0111965918493,264.02180545027295
21,MG4,add108,108,879.4352065736521,263.85139462277806
22,FEEDER,s1a,x1,18.816052124422416,9.408091476232793
22,FEEDER,s2b,x2,9.408078399991444,4.704278291076632
22,FEEDER,s4c,x4,18.81597968624979,9.408054594010318
22,FEEDER,s5c,x5,9.367612643931924,4.683836546306497
22,FEEDER,s6c,x6,18.644714799577006,9.322414925257192
22,FEEDER,s7a,x7,9.408042147608127,4.704040753845626
22,FEEDER,s9a,x9,18.816106967103153,9.408075864477166
22,FEEDER,s10a,x10,9.243670466603092,4.621841963567245
22,FEEDER,s11a,x11,18.164819394914577,9.082416484393363
22,FEEDER,s12b,x12,9.408110650367712,4.704348224162091
22,FEEDER,s16c,x16,18.81590338630784,9.408050506337577
22,FEEDER,s17c,x17,9.407951516987072,4.704025070953887
22,FEEDER,s19a,x19,18.816160606790117,9.40808856382886
22,FEEDER,s20a,x20,18.3149849182152,9.157489507345087
22,MG1,s22b,x22,29.272220518465545,14.637131881156972
22,MG1,s24c,x24,29.999882306388596,15.00012791736381
22,MG1,s28a,x28,29.046436834091285,14.52322553783587
22,MG1,s29b,x29,0.0,0.0
22,MG1,s30c,x30,29.99988288471065,15.000130421144334
22,MG1,s31c,x31,7.499962874740702,3.750022558881642
22,MG1,s32c,x32,7.499962984995157,3.750022668356637
22,MG1,s33a,x33,29.371851222013095,14.685935546373388
22,FEEDER,s34c,x34,18.264565150933727,9.13237288534865
22,FEEDER,s52a,x52,18.816169272767027,9.408039102394444
22,FEEDER,s53a,x53,18.816184688342062,9.408025907413517
22,FEEDER,s55a,x55,8.91001055554281,4.454957592155874
22,FEEDER,s56b,x56,9.40815736667209,4.704456056455027
22,FEEDER,s58b,x58,9.36037099488109,4.680585895835576
22,FEEDER,s59b,x59,9.408193963322695,4.704518878516978
22,FEEDER,s60a,x60,9.408126596970524,4.7039785175566
22,FEEDER,s62c,x62,17.87636421919297,8.93833033226866
22,FEEDER,s63a,x63,18.816255467206545,9.407956868353862
22,FEEDER,s64b,x64,34.691604268234705,16.19112093419116
22,FEEDER,s65a,x65,10.898433034371324,0.9661314123181678
22,FEEDER,s65b,x65,11.053161136230155,1.0768393765047803
22,FEEDER,s65c,x65,22.376209607956174,2.3458664112865373
22,FEEDER,s66c,x66,35.2794556566953,16.464024248708245
22,FEEDER,s68a,x68,9.667332161355848,4.833553479072525
22,FEEDER,s69a,x69,19.304610028431874,9.652080218627447
22,FEEDER,s70a,x70,9.641660119077718,4.820717806155711
22,FEEDER,s71a,x71,19.271317102757155,9.635434207465758
22,MG2,s73c,x73,30.89535210429311,15.44795274471224
22,MG2,s74c,x74,33.87918253706988,16.939891315740716
22,MG2,s75c,x75,30.770287236418532,15.385419543757042
22,MG2,s76a,x76,60.16622319072185,3.778432518350317
22,MG2,s76b,x76,37.6715707724784,2.4756514284484474
22,MG2,s76c,x76,38.72882756521585,4.202187213957015
22,MG2,s77b,x77,30.00094077138444,15.002254195486522
22,MG2,s79a,x79,33.701753303551875,16.850454742674458
22,MG2,s80b,x80,30.00095322078964,15.002275327163447
22,MG2,s82a,x82,30.887463663119576,15.443333901870359
22,MG2,s83a,x83,0.0,0.0
22,MG2,s84c,x84,15.56597793655455,7.783137686576556
22,MG2,s85c,x85,31.079141314922822,15.539867812590517
22,MG2,s86b,x86,15.000480805611804,7.501146751005005
22,MG2,s87b,x87,30.00098082507693,15.002328304280415
22,MG2,s88a,x88,30.540425050135426,15.269811044962024
22,MG2,s90b,x90,29.238048344246852,14.620722940989788
22,MG2,s92c,x92,31.19804024389694,15.599324524322872
22,MG2,s94a,x94,30.462348218007953,15.230764147689046
22,MG2,s95b,x95,15.000500295370971,7.501182680329356
22,MG2,s96b,x96,15.00050253324498,7.501184899317506
22,FEEDER,s98a,x98,19.3179801036961,9.658752963209675
22,FEEDER,s99b,x99,18.816524580507156,9.409341945112514
22,FEEDER,s100c,x100,21.552674170005027,10.77653226977756
22,MG3,add44,44,800.0056834250909,240.01159744435944
22,MG4,add108,108,803.2476261760713,240.9864183898772
23,FEEDER,s1a,x1,17.02402153482486,8.51202999978889
23,FEEDER,s2b,x2,8.512034049748292,4.256140669118819
23,FEEDER,s4c,x4,17.02398709431458,8.512021036282139
23,FEEDER,s5c,x5,8.52695335522602,4.263489503147375
23,FEEDER,s6c,x6,17.073732961947446,8.536890922647055
23,FEEDER,s7a,x7,8.512018634099931,4.256011462014271
23,FEEDER,s9a,x9,17.02404824656249,8.512018599085916
23,FEEDER,s10a,x10,8.42625178517729,4.213121547651788
23,FEEDER,s11a,x11,16.680905419767345,8.340441657895923
23,FEEDER,s12b,x12,8.512049560902986,4.256176726731116
23,FEEDER,s16c,x16,17.023946436653446,8.51201602380967
23,FEEDER,s17c,x17,8.511973142174096,4.256007930896284
23,FEEDER,s19a,x19,17.024074461840346,8.512017955163058
23,FEEDER,s20a,x20,16.711906935738657,8.355930376361135
23,MG1,s22b,x22,24.59398335234991,12.297489633709908
23,MG1,s24c,x24,24.799929255564397,12.400038824015494
23,MG1,s28a,x28,24.25618419027161,12.128061786862611
23,MG1,s29b,x29,0.0,0.0
23,MG1,s30c,x30,24.799929085439004,12.4000396254007
23,MG1,s31c,x31,6.199979609099276,3.1000063977566756
23,MG1,s32c,x32,6.1999796469998625,3.100006435917007
23,MG1,s33a,x33,24.53461720676021,12.26727882235547
23,FEEDER,s34c,x34,16.780582760073727,8.390331142039333
23,FEEDER,s52a,x52,17.02407885387553,8.511998225338102
23,FEEDER,s53a,x53,17.024086399115564,8.511991634891965
23,FEEDER,s55a,x55,8.212255622138011,4.106095903180893
23,FEEDER,s56b,x56,8.512070797274623,4.256230513928312
23,FEEDER,s58b,x58,8.532335426043023,4.266375888111665
23,FEEDER,s59b,x59,8.512087841908977,4.256261267612159
23,FEEDER,s60a,x60,8.512060034871945,4.255978581804375
23,FEEDER,s62c,x62,16.503880839092922,8.25200485507779
23,FEEDER,s63a,x63,17.024120924400805,8.511956858332217
23,FEEDER,s64b,x64,31.683894007036667,14.786701135546764
23,FEEDER,s65a,x65,10.075577365154505,0.9019704534824113
23,FEEDER,s65b,x65,10.196595196315597,0.9885170189777813
23,FEEDER,s65c,x65,20.643738624293157,2.155695237722903
23,FEEDER,s66c,x66,31.919721420256476,14.895987324476208
23,FEEDER,s68a,x68,8.943313123116303,4.471591040677697
23,FEEDER,s69a,x69,17.861412023564863,8.93057515874718
23,FEEDER,s70a,x70,8.921774575990625,4.4608219283412724
23,FEEDER,s71a,x71,17.83347753822149,8.916608125209407
23,MG2,s73c,x73,26.163567903622162,13.081894053090249
23,MG2,s74c,x74,28.716830347147322,14.358534615782835
23,MG2,s75c,x75,26.07563513360163,13.037927444395066
23,MG2,s76a,x76,50.65009361992962,3.2194394938023034
23,MG2,s76b,x76,31.51889932640493,2.0725768868137666
23,MG2,s76c,x76,32.71578253599834,3.5227623081977346
23,MG2,s77b,x77,24.80037880495084,12.401012449959604
23,MG2,s79a,x79,28.60057577623504,14.300065938687673
23,MG2,s80b,x80,24.80038380233863,12.401021237587292
23,MG2,s82a,x82,26.201112481227792,13.100347065049647
23,MG2,s83a,x83,0.0,0.0
23,MG2,s84c,x84,13.188122876958634,6.594120678954203
23,MG2,s85c,x85,26.33910430148301,13.169670559628521
23,MG2,s86b,x86,12.400193390515003,6.200514042016572
23,MG2,s87b,x87,24.800394257911314,12.40104208394639
23,MG2,s88a,x88,25.917227659646265,12.958404185391373
23,MG2,s90b,x90,24.477936988645222,12.23976535138358
23,MG2,s92c,x92,26.404884965602502,13.202563369816206
23,MG2,s94a,x94,25.85685865030465,12.928216149406166
23,MG2,s95b,x95,12.400200926378643,6.2005284571816635
23,MG2,s96b,x96,12.400201793678926,6.200529332363494
23,FEEDER,s98a,x98,17.873168574101424,8.936447272040775
23,FEEDER,s99b,x99,17.024236857511816,8.51267001498173
23,FEEDER,s100c,x100,19.912048396896004,9.956109032013254
23,MG3,add44,44,740.0025698834103,222.00567343124993
23,MG4,add108,108,730.9207569246429,219.28201341423545
